Name,Phone
108 Lettings & Property Management Ltd,07742208408
AA PETERBOROUGH LETTING LIMITED,07521971734
Abby Homes Group Ltd,075303 56664
Abode Luton Ltd,07909565901
Addressed Property Services Ltd,07534883883
Aeon Property Management Limited,07958740136
Agent One Ltd,07772205425
AJ Wise Ltd,07817985495
Ajay Gardens UK Ltd,07301074617
AK247 Homes Limited,07775655096
Alvaerium,07711179012
AMR Lettings & Property Management Ltd,07936 971153
Anadear Estates,07754 915190
ANG Property Management Ltd.,07771902503
Apple pm Limited,07494479792
Apple Real Estate Ltd,07494412620
Ark Estates Management LLP,07403359674
Armford Estates Limited,07903940660
Arnold & Goodall Ltd,07725247223
Arreis Living Ltd,07958574438
ASYM HOLDINGS LTD,07932580494
Attingham Estates Ltd,07883355342
B&O Sasa Global Limited,07523624880
Barnes Property Group Limited,07552727655
Bartram Lettings Ltd,07753 787347
Bathlettings Ltd,07796 902390
Bland Ventures LTD,07778714984
Blundy's Property Management Limited,07401828424
Boutique Beach Holiday Lets,07595367384
Bowen lettings,07368535621
Branded Bricks Ltd,07588 320666
Burrow Property Services Limited,07447920205
Butterson Ltd,07919914111
C & M Property Solutions Ltd,07772476390
C.Elwell Transport (Repairs) LTd,07970 549341
Call it Your Own Ltd,07722732921
Cambridge Homehost Ltd,07761102805
CAROLINE MACLEAN PROPERTY CONSULTING LIMITED,07715428404
Chamberlain Lets Ltd,07545 147483
City Prime Properties LTD,07863172705
City View Real Estate Ltd,07783169659
Connect Enterprises Limited,07865779988
Corner Lettings,07811118 649
Cornerstone UK Properties Limited,07727585055
Courtney Downing Estates,07792936415
Cozy Cubes Ltd,07307919409
Cozyhome Lettings Ltd,07729 795548
Craven Homes Ltd,07855 958110
Cuilfail Property Lettings & Management also trading as Cuilfail Property,07790 926210
D&S Property Wealth Ltd,07880353170
Dalton Estate Agents,07769178656
David Liles Properties Ltd,07713733261
David N Parker Ltd,07712358216
DC Estates & Letting Ltd,07825 224 229
DCRE LETTINGS LIMITED,07727675578
Deloria & Associates Ltd,07935438126
Diamond Property Management Ltd,07957904574
DRM PROPERTY MANAGEMENT,07734761047
Easymove Westhoughton Limited,07740349203
Edge Lettings & Management Ltd,07824644530
ELM & IVY LETTINGS LTD,07572 08 7773
Enfields Bournemouth Limited T/A Enfields,07818 828235
Escape Campus Student Accommodation Ltd,07720713043
Eshaal Properties Limited,07474693561
ESTAZIA LIMITED,07907902001
EverGrow Assets Property Management Ltd,07971577758
EVOKE PROPERTY LTD,07779 414026
Exclusive Short Stays Estates Limited,07854797326
Fernwood Property Management,07713434652
Filtons Stratford Ltd,07970272433
Finalux ltd,07312253971
Fine Property UK Ltd,07951484682
FLEXI PROPERTY SOLUTIONS LTD,07909257895
Fortress Dwellings & Estates Ltd,07766828689
Gani Properties Leicester LTD,07432526202
Gilhorn Estates limited,07729267001
Goldwaters Management Ltd,07365805027
GR UK Property LTD,07879402407
Granta Estates Limited,07742848586
Greenbird Property Management Ltd,07932801689
Greenfield Estate Agents (Ewell) Ltd,07916150142
Greenleaf Realty Group Ltd,07928913240
Groovy Lettings Ltd,07974103468
Habitat London Homes,07738407055
Hafren Properties Limited,07882575208
Hajrah Homes,07737994564
Hale Letting Ltd,07909 972730
Hestia Lettings Ltd,07376087394
HJJ Property T/A HJJ Property Management,07855778670
Home to Home Management Ltd,07877242501
Homewell Properties Ltd,07769653142
Honey Grove Estates LTD,07513048482
Hughes & Associates,07855 302580
Ildiko Property,07762427591
Iles and Jenkin Limited,07967663816
Imza Homes LTD,07412206701
Invest Realty Care Limited,07394088252
Invisions Property LTD,07742065292
IPI Estates Ltd,07834491891
Iverco Ltd T/A Century 21 Birmingham Central,07540 088889
J & F Property Partners,07800513572
Jameson and Partners Ltd,07858183675
Jason Oliver Properties Ltd,07974483911
JCE ESTATES LTD T/A Nicholas James Estate Agents,07947560049
JNS Property Group Ltd,07734820218
Just House Rentals,07841 653556
JV Property Group,07596853771
JXL Property Ltd,07415425315
K And S Estate Agents Ltd,07300531627
K&Z Properties Ltd,077209 12396
Katherine Collins,07789758613
Keep Safe Property Management LTD,07555322088
Kentwood Estate Agents Ltd,07581346617
Keyline Property,07917340698
Khaira Lettings Ltd,07848272326
Knightsbridge International Real Estate Ltd,07596 391484
KSR Properties Ltd,07538150037
L J F Lettings & Property Management Ltd,07921 311555
Lancashire Property Management Ltd,07378 678 821
Landlord Services (Management) Ltd,07596161361
Lansdown Property Services Ltd,07896018519
Laura Gillard T/A Valley Property Managers,07793435568
Lee Martin,07787575056
Let and Move Ltd,07943235112
Libra Investment Property Services Limited,07799736229
Lillywhite Homes Limited,07854249981
Link2Accommodation Ltd,07477 023948
Lloyds Lettings and Property Management,07712113256
Locate and Secure Limited,07899956262
London Executive Asset Management ltd,07852968665
London Victoria Groups,07896126119
Lord Land Lettings Limited,07516284243
Lucina Estates Limited,07791385996
Main Estate Agents Ltd,07802768166
MAIN HOMES LTD,07872314870
Maison D\'Etre Property Management Limited,07572468982
Manchester Letting,07930 493609
Many Rooms Lettings Ltd,07941313444
Mark Routledge T/A Mr Residential,07785919796
Martin & Co (AVGP Ltd ) (Lewes and Uckfield),07506 787088
Martin & Co (Sheffield City),07927 806112
McArdle&Tan,07976 868 983
McKay Property Services Limited,07535 703260
McNamara Property Management,07564664015
Meklet Ltd T/A Rooms Maidenhead,07838 152703
MG Property Management,07793 290263
Mike McKinley Lettings Ltd,07720231877
Moirai Management,07765467766
Monnow Lettings,07419130009
Moontouch Property Services,07540 305598
Moorlands Lettings,07976 915234
MoovinHome LTD,07570107775
Mortgage & Property Plus TA MPP Rentals,07778031745
Mr Residential,07785 919796
MT Property Sourcing Limited,07840198562
MYL Estate Consulting Group Ltd,07389724011
myspace services limited,07730700988
New Forest Lets Ltd,07966543446
NEWCASTLE PROPERTY GROUP,07952984062
Nikson & Co Property Managment Ltd,07972910691
Norris and Co Property Solutions LTD,07724101903
NXMVETGN LTD,07977216583
On The Line Financial Limited,07957795363
ON THE MOVE ESTATE LTD,07576260011
On The Move Personal Property Consultants Ltd,07598 128433
One Smart Move Ltd,07803174807
OpulentQuarters Ltd,07591732744
Orange Tree DK Property Services Limited,07760398947
Orden Properties Ltd,07760373311
Oxfordshire Property Lettings,07733267530
P Davenport Ltd.,07712298338
Pebina Lettings Ltd,07984011210
Penduline Properties Limited,07918289595
PERCY REAL ESTATE LTD,07570431570
Phoenix Property Co.,07973268369
Pink Rocs Ltd,07392 402889
Platinum Property Lettings Limited,07974436051
PlusLets Ltd,07958 537575
Powles & Co Properties Ltd,07883577495
Premier Letts Ltd,07739 552166
Premier Management Ltd,07855 308058
Pride Lettngs Ltd,07578 205583
Priory Estates and Property Management,07395800589
Profound Property Management Ltd,07960474231
Property Management (York) Ltd,07761764462
PROPERTY MANAGEMENT RESOLUTIONS LTD,07534846523
propertyshopwales,07980322692
PRS Living Limited,07955 734583
Purseglove Property,07890 309237
Queen Bee Properties,07377 372514
Quicklet Property Ltd,07956 287518
R Residentials Ltd,07377574567
R&A Lettings and Management LTD,07455922436
R&R Management,07525793730
Ramsey Moore Lettings Solutions Limited,07711009331
REAL ESTATE T/A DAVE ESTATE,07876075075
Red Brick Lettings Ltd,07583879351
Regal Rentals and Property Management Ltd,078906 83698
Regional Homes Ltd,07944 196446
Renaissance Management Partnership Limited,07818 016416
Rental Remedies,07970 010177
Rentopia (east Anglia) Ltd,07876744140
Resonate Property Management Limited,07563 368072
RL Accommodations,07495053019
Rockley Properties LTD,07399973580
Rosemoor Properties,07411017553
RTL Guys T/A Students on the Green,07922 285 845
RW Lettings Limited,07795257747
S.C.A. Estates Ltd T/A Whitegates Dewsbury,07815 892934
SAI INC LIMITED,07526132001
Signature Homes and Letting agent limited,07872516594
Simple Docklands Estates E14,07388169169
SINCLAIR & CO. BLOCK MANAGEMENT LIMITED,07789957874
Southfield Lettings Ltd,07895100065.
SOUTHFIELDS LIVING LIMITED,07739342388
Sowena Lettings Ltd,07827447807
SSNS Properties Ltd.,0751414678
Statoncoe Lettings Ltd,07879 874462
SUJAPROPERTYSERVICES,07944455486
Sunbrite Group,07855704384
Sunrise Property Letting and Management Ltd,079484 71118
SW Property Lets Limited,07507716726
Sw19 Estate Agents Ltd,07887 911092
Taylored Propman Limited,07753 282765
The All Star Property Company Ltd T/A Ellis & Co Islington,07808 282278
The Better Letter Ltd,07767830736
The Style Counsellor Ltd,07876568917
Timothy Hallin Property Ltd,07785610046
Totally Norfolk,07790134023
Tribeliving Limited,07342574245
Tudor Price Lettings,07552393030
Vanquis London Ltd,07904070837
Ventures Holdings Ltd,07387561784
Vi-Lets Ltd Ta VI-Lets Property Management,07792 747118
Victors Properties,07369216518
Wavelets Limited,07355 716291
WB & Co Property Services Ltd,07943619137
WILSONS ACCOMMODATION SERVICES LTD,07985654844
WINSTONE ESTATES PRIVATE LIMITED,07769078399
Woodlands Property Solutions Limited,07827524683
Xchange Sales and Lettings Ltd,07951 548526
yiju property management limited,07795505368
Yorkshire Property Deals Ltd,07720908601
Your home from home Ltd,07983650704
YourKeys Lettings Ltd,07577454545
