website,asn_description
bescha.bund.de,"ZIVIT-AS, DE"
eviden.com,"CLARANET-AS ClaraNET LTD, GB"
fb.hamburg.de,"PLUSSERVER-ASN1, DE"
dkrz.de,"DFN Verein zur Foerderung eines Deutschen Forschungsnetzes e.V., DE"
angenvoort-barth.de,"STRATO STRATO AG, DE"
bezreg-koeln.nrw.de,"IT-NRW, DE"
kreis-viersen.de,"KRZN-AS, DE"
degewo.de,"INTERDOTLINK-SYSELEVEN powered by Inter.link, DE"
bo-gruppe.de,"NMM-AS D - 02742 Friedersdorf Hauptstrasse 68, DE"
senweb.berlin.de,Error: [Errno -2] Name or service not known
deutschebahn.com,"BAHN-AS-BLN, DE"
bundeskartellamt.bund.de,Error: [Errno -2] Name or service not known
nlstbv.niedersachsen.de,Error: [Errno -2] Name or service not known
mw.niedersachsen.de,Error: [Errno -2] Name or service not known
khwe.de,"NCORE-AS HKN GmbH, DE"
bezreg-muenster.nrw.de,Error: [Errno -2] Name or service not known
konzeptmanagement.de,"STRATO STRATO AG, DE"
stadt-chemnitz.de,Error: [Errno -2] Name or service not known
lds.sachsen.de,"HETZNER-AS, DE"
karree49.de,"HETZNER-AS, DE"
hamburgwasser.de,"CLOUDFLARENET, US"
mupi.de,"HETZNER-AS, DE"
laiv-mv.de,"DVZ-AS, DE"
wm.mv-regierung.de,"DVZ-AS, DE"
baronmobil.com,"HETZNER-AS, DE"
egst.de,"TTM, DE"
brms.nrw.de,Error: [Errno -2] Name or service not known
remondis.de,"DTAG Internet service provider operations, DE"
rwe.com,"LINK11 Link11 GmbH, DE"
guenter-fehr.de,"IONOS-AS This is the joint network for IONOS, Fasthosts, Arsys, 1&1 Mail and Media and 1&1 Telecom. Formerly known as 1&1 Internet SE., DE"
stenau.net,"GODADDY-SXB, DE"
kockmann-gmbh.de,"WEBSTYLE-AS, DE"
kreis-herford.de,"DTAG Internet service provider operations, DE"
metallbau-vahle.de,"RATIOKONTAKT, DE"
alzey-land.de,"IONOS-AS This is the joint network for IONOS, Fasthosts, Arsys, 1&1 Mail and Media and 1&1 Telecom. Formerly known as 1&1 Internet SE., DE"
mwvlw.rlp.de,"DTAG Internet service provider operations, DE"
stwm.de,"MWN-AS, DE"
reg-ob.bayern.de,Error: [Errno -2] Name or service not known
miesbacher-gastroservice.de,"IONOS-AS This is the joint network for IONOS, Fasthosts, Arsys, 1&1 Mail and Media and 1&1 Telecom. Formerly known as 1&1 Internet SE., DE"
altensteig.de,"COMTRANCE-AS, DE"
klotzundpartner.de,"MITTWALD-AS Mittwald CM Service GmbH und Co. KG, DE"
rpk.bwl.de,Error: [Errno -2] Name or service not known
ibfranz.com,"DTAG Internet service provider operations, DE"
gedern.de,"HETZNER-AS, DE"
rpda.hessen.de,Error: [Errno -2] Name or service not known
klinikum-ab-alz.de,"HETZNER-AS, DE"
dreso.com,"MICROSOFT-CORP-MSN-AS-BLOCK, US"
reg-mfr.bayern.de,Error: [Errno -2] Name or service not known
swisslog-healthcare.com,"PLUSSERVER-ASN1, DE"
hs-osnabrueck.de,"DFN Verein zur Foerderung eines Deutschen Forschungsnetzes e.V., DE"
kuhrundkuhr.de,"IONOS-AS This is the joint network for IONOS, Fasthosts, Arsys, 1&1 Mail and Media and 1&1 Telecom. Formerly known as 1&1 Internet SE., DE"
polizei.hessen.de,"PLUSLINE, DE"
kreis-eic.de,"HETZNER-AS, DE"
tlvwa.thueringen.de,"LINK11 Link11 GmbH, DE"
wbs-it.de,"CLOUDPIT, DE"
coda-erfurt.de,"KEYWEB-AS, DE"
profi-ag.de,"NORIS-NETWORK IT Service Provider located in Nuernberg, Germany, DE"
bechtle.com,"ASN-BECHTLE Bechtle AG, DE"
heuking.de,"GRIDSCALE, DE"
vebego.de,"MICROSOFT-CORP-MSN-AS-BLOCK, US"
kubus-mv.de,"TNG-AS TNG Stadtnetz GmbH, DE"
sw-augsburg.de,"MNET-AS Germany, DE"
lsw.de,"HETZNER-AS, DE"
team.de,"MICROSOFT-CORP-MSN-AS-BLOCK, US"
strassen.nrw.de,"IT-NRW, DE"
bv-ingenieure.de,"STRATO STRATO AG, DE"
dguv.de,"DGUV-AS, DE"
clean.de,"HETZNER-AS, DE"
kraus-estrichbau.de,"GD-EMEA-DC-CGN1, DE"
bbt-kanzlei.de,"MITTWALD-AS Mittwald CM Service GmbH und Co. KG, DE"
altho-gmbh.com,"DTAG Internet service provider operations, DE"
zwetko.de,"IONOS-AS This is the joint network for IONOS, Fasthosts, Arsys, 1&1 Mail and Media and 1&1 Telecom. Formerly known as 1&1 Internet SE., DE"
gv.mpg.de,Error: [Errno -2] Name or service not known
die-tischler.net,"IONOS-AS This is the joint network for IONOS, Fasthosts, Arsys, 1&1 Mail and Media and 1&1 Telecom. Formerly known as 1&1 Internet SE., DE"
augusta-bochum.de,"GODADDY, DE"
msr-gerdes.de,"OSN OSN Online Service Nuernberg GmbH, DE"
kreis-stormarn.de,"SCALEUP, DE"
wimi.landsh.de,Error: [Errno -2] Name or service not known
wp-ingenieure.de,"MITTWALD-AS Mittwald CM Service GmbH und Co. KG, DE"
berlin-airport.de,"AMAZON-02, US"
MWAE.brandenburg.de,"DFN Verein zur Foerderung eines Deutschen Forschungsnetzes e.V., DE"
spie.com,"VEEPEE-SDN, FR"
stbaa.bayern.de,"VODANET International IP-Backbone of Vodafone, DE"
iso-ba.de,"IONOS-AS This is the joint network for IONOS, Fasthosts, Arsys, 1&1 Mail and Media and 1&1 Telecom. Formerly known as 1&1 Internet SE., DE"
buerohauser.com,"MITTWALD-AS Mittwald CM Service GmbH und Co. KG, DE"
stadt-koeln.de,"NETCOLOGNE, DE"
stoelting-gruppe.de,"IONOS-AS This is the joint network for IONOS, Fasthosts, Arsys, 1&1 Mail and Media and 1&1 Telecom. Formerly known as 1&1 Internet SE., DE"
KWS-Kiel.de,"HETZNER-AS, DE"
wis-sicherheit.de,"NETCUP-AS netcup GmbH, DE"
kiel.de,"ADDIX-AS AS-ADDIX Autonomous System, DE"
altus-bau.de,"ONE-NETWORK, DE"
bwb.de,"VERSATEL, DE"
senwtf.berlin.de,Error: [Errno -2] Name or service not known
implenia.com,"EVERYWARE-NET, CH"
kreis-ak.de,"DTAG Internet service provider operations, DE"
dmgmori.com,"MICROSOFT-CORP-MSN-AS-BLOCK, US"
vbv.bwl.de,Error: [Errno -2] Name or service not known
stadtreinigung.hamburg,"HETZNER-AS, DE"
mvr-hh.de,"GODADDY-CGN, DE"
mvb-hh.de,"MITTWALD-AS Mittwald CM Service GmbH und Co. KG, DE"
bielefelderbaeder.de,"SW-BIELEFELD-AS, DE"
constrata.de,"GD-EMEA-DC-SXB1, DE"
brocke-loehr.de,"STRATO STRATO AG, DE"
lvr.de,"NETCOLOGNE, DE"
atbputz.de,"STRATO STRATO AG, DE"
bundeswehr.org,"BWI-GMBH, DE"
zoll.com,"CLOUDFLARENET, US"
now-it.de,"MITTWALD-AS Mittwald CM Service GmbH und Co. KG, DE"
opentext.com,"OPENTEXT-NA-CA-1, CA"
zv.fraunhofer.de,Error: [Errno -2] Name or service not known
coesfeld.de,"TELEMAXX, DE"
provinzial.de,"FITSNET FITS Internet Backbone, DE"
altmarkkreis.de,"LUENECOM-AS, DE"
lvwa.sachsen-anhalt.de,"DATAPORT-AS, DE"
dsd-winterdienst.de,"AMAZON-02, US"
friedberg-hessen.de,"IONOS-AS This is the joint network for IONOS, Fasthosts, Arsys, 1&1 Mail and Media and 1&1 Telecom. Formerly known as 1&1 Internet SE., DE"
clubl94.de,"HETZNER-AS, DE"
bsmf.de,"IONOS-AS This is the joint network for IONOS, Fasthosts, Arsys, 1&1 Mail and Media and 1&1 Telecom. Formerly known as 1&1 Internet SE., DE"
ufz.de,Error: [Errno -2] Name or service not known
enercity.de,"HTP-AS, DE"
nrwbank.de,"PLANET-, DE"
prooffice.de,"HETZNER-AS, DE"
autobahn.de,"PLANETARYNETWORKS, DE"
mindeight.de,"NMM-AS D - 02742 Friedersdorf Hauptstrasse 68, DE"
stbapa.bayern.de,"VODANET International IP-Backbone of Vodafone, DE"
t-online.de,"AMAZON-02, US"
staatsanzeiger.de,"IONOS-AS This is the joint network for IONOS, Fasthosts, Arsys, 1&1 Mail and Media and 1&1 Telecom. Formerly known as 1&1 Internet SE., DE"
homberg-efze.de,"NETCOM-KASSEL Netcom Kassel, DE"
diehl-gmbh.de,"STRATO STRATO AG, DE"
senmvku.berlin.de,Error: [Errno -2] Name or service not known
giga-gmbh.de,"IONOS-AS This is the joint network for IONOS, Fasthosts, Arsys, 1&1 Mail and Media and 1&1 Telecom. Formerly known as 1&1 Internet SE., DE"
wagner.de,"MITTWALD-AS Mittwald CM Service GmbH und Co. KG, DE"
lzn.de,Error: [Errno -2] Name or service not known
lanco.eu,"UPCLOUD, FI"
doenges-online.de,"AMAZON-02, US"
kreis-offenbach.de,"TNG-AS TNG Stadtnetz GmbH, DE"
bruder-haustechnik.de,"IONOS-AS This is the joint network for IONOS, Fasthosts, Arsys, 1&1 Mail and Media and 1&1 Telecom. Formerly known as 1&1 Internet SE., DE"
cpi-print.de,"PIXELX-AS, DE"
lmbv.de,"GD-EMEA-DC-SXB1, DE"
bundeskartellamt.de,"ZIVIT-AS, DE"
analytech.net,"HLKOMM 04107 Leipzig, DE"
helmholtz-munich.de,"HETZNER-AS, DE"
ontimecourier.com,"IONOS-AS This is the joint network for IONOS, Fasthosts, Arsys, 1&1 Mail and Media and 1&1 Telecom. Formerly known as 1&1 Internet SE., DE"
gnn-group.com,"CLOUDFLARENET, US"
arbeitsagentur.de,"NORIS-NETWORK IT Service Provider located in Nuernberg, Germany, DE"
bundeskartellamt.Bund.de,Error: [Errno -2] Name or service not known
gottschalk-gmbh.com,"IONOS-AS This is the joint network for IONOS, Fasthosts, Arsys, 1&1 Mail and Media and 1&1 Telecom. Formerly known as 1&1 Internet SE., DE"
stadtsuhl.de,"DTAG Internet service provider operations, DE"
stadt-muenster.de,"VERSATEL, DE"
ldi.nrw.de,"IT-NRW, DE"
steinhake.de,"SSERV-AS, DE"
koeln-ks.de,"GD-EMEA-DC-SXB1, DE"
trier.de,"MICROSOFT-CORP-MSN-AS-BLOCK, US"
rheimotherm.de,"GOOGLE-CLOUD-PLATFORM, US"
bitmarck.de,"DTAG Internet service provider operations, DE"
buse.de,"SUCURI-SEC, US"
navum.de,"HETZNER-AS, DE"
tutech.de,"NMM-AS D - 02742 Friedersdorf Hauptstrasse 68, DE"
wwa-wen.bayern.de,Error: [Errno -2] Name or service not known
auto-fiegl.de,"STRATO STRATO AG, DE"
aconasys.de,"IONOS-AS This is the joint network for IONOS, Fasthosts, Arsys, 1&1 Mail and Media and 1&1 Telecom. Formerly known as 1&1 Internet SE., DE"
uestra.de,"MH-DC-AS, DE"
mae-group.com,"MITTWALD-AS Mittwald CM Service GmbH und Co. KG, DE"
caritas-krankenhilfe-berlin.de,"STRATO STRATO AG, DE"
eu.medical.canon,"AMAZON-02, US"
stadtwerke-arnsberg.de,"NMM-AS D - 02742 Friedersdorf Hauptstrasse 68, DE"
jaeger-ausbau.de,"HETZNER-AS, DE"
emcal.de,"EQUINIX-CONNECT-GERMANY Equinix Germany, DE"
wba-gruppe.de,"NMM-AS D - 02742 Friedersdorf Hauptstrasse 68, DE"
lbv.bwl.de,Error: [Errno -2] Name or service not known
deloitte.de,"DELOITTE-, DE"
estrichtec.de,"GODADDY-SXB, DE"
aschaffenburg.de,"DTAG Internet service provider operations, DE"
reg-mfr.bauyern.de,Error: [Errno -2] Name or service not known
plattenwalter.de,"IONOS-AS This is the joint network for IONOS, Fasthosts, Arsys, 1&1 Mail and Media and 1&1 Telecom. Formerly known as 1&1 Internet SE., DE"
portawin.de,"IONOS-AS This is the joint network for IONOS, Fasthosts, Arsys, 1&1 Mail and Media and 1&1 Telecom. Formerly known as 1&1 Internet SE., DE"
augsburg.de,"MNET-AS Germany, DE"
ruwer.de,"EQUINIX-CONNECT-GERMANY Equinix Germany, DE"
weber-ingenieure.de,"GD-EMEA-DC-CGN1, DE"
klinikumbielefeld.de,"BICOS, DE"
phoenixraumkonzept.com,"GODADDY-SXB, DE"
bra.nrw.de,"IT-NRW, DE"
tresec.com,"HETZNER-AS, DE"
bg-bau.com,"STRATO STRATO AG, DE"
lkharburg.de,Error: [Errno -2] Name or service not known
de.festo.com,Error: [Errno -2] Name or service not known
dbu.de,"AVENCY Kiebitzpohl 77, DE"
fischerappelt.de,"CORPEX-AS Schauenburgerstrasse 6, DE"
theo-milte.de,"CLOUDPIT, DE"
verwaltung.uni-stuttgart.de,"BELWUE BelWue-Koordination, DE"
cosinex.de,"HETZNER-AS, DE"
dmt-gmbh.com,"STRATO STRATO AG, DE"
drk-westfalen.de,"MYLOC-AS IP Backbone of WIIT AG formerly myLoc managed IT AG, DE"
Bissingen-Teck.de,"HETZNER-AS, DE"
rpk-bwl.de,"IONOS-AS This is the joint network for IONOS, Fasthosts, Arsys, 1&1 Mail and Media and 1&1 Telecom. Formerly known as 1&1 Internet SE., DE"
gsi.de,"DFN Verein zur Foerderung eines Deutschen Forschungsnetzes e.V., DE"
evo-chem.de,"MITTWALD-AS Mittwald CM Service GmbH und Co. KG, DE"
lvaltenweddingen.de,"GD-EMEA-DC-SXB1, DE"
stmwi.bayern.de,"VODANET International IP-Backbone of Vodafone, DE"
fraunhofer.de,"DFN Verein zur Foerderung eines Deutschen Forschungsnetzes e.V., DE"
stw-rw.de,"GODADDY-SXB, DE"
inros-lackner.de,"COMTRANCE-AS, DE"
pd-g.de,"MITTWALD-AS Mittwald CM Service GmbH und Co. KG, DE"
carpus.de,"HETZNER-AS, DE"
detmold.de,"MITTWALD-AS Mittwald CM Service GmbH und Co. KG, DE"
btg-goerlitz.com,"IP-PROJECTS, DE"
ziegler.de,"TK-LINDAU, DE"
grosskuechen-zeiger.de,"NETCUP-AS netcup GmbH, DE"
henne-unimog.de,"HETZNER-AS, DE"
arnstorf.de,"PLUSSERVER-ASN1, DE"
furtner-ammer.de,"HETZNER-AS, DE"
sturm-feuerschutz.de,"SCHLUNDTECH-AS, DE"
kilian-brandschutz.de,"STRATO STRATO AG, DE"
bim-berlin.de,"MITTWALD-AS Mittwald CM Service GmbH und Co. KG, DE"
ohning.de,"HETZNER-AS, DE"
diakoneo.de,"NETLOGIX, DE"
fnb-pflasterbau.de,"HETZNER-AS, DE"
koeln-bonn-airport.de,Error: [Errno -2] Name or service not known
subreport.de,"IONOS-AS This is the joint network for IONOS, Fasthosts, Arsys, 1&1 Mail and Media and 1&1 Telecom. Formerly known as 1&1 Internet SE., DE"
actemium.de,"MICROSOFT-CORP-MSN-AS-BLOCK, US"
stadt.wuerzburg.de,"UUNET, US"
faun.com,"MITTWALD-AS Mittwald CM Service GmbH und Co. KG, DE"
de.sauter-bc.com,Error: [Errno -2] Name or service not known
lbm.rlp.de,"DTAG Internet service provider operations, DE"
i-sec.com,"NL-BIT BIT BV, NL"
awg-info.de,"HETZNER-AS, DE"
amtsiek.de,"MYLOC-AS IP Backbone of WIIT AG formerly myLoc managed IT AG, DE"
pp-service.com,"HETZNER-AS, DE"
service-gs.de,"MITTWALD-AS Mittwald CM Service GmbH und Co. KG, DE"
online.de,"IONOS-AS This is the joint network for IONOS, Fasthosts, Arsys, 1&1 Mail and Media and 1&1 Telecom. Formerly known as 1&1 Internet SE., DE"
luebben.de,"EQUINIX-CONNECT-GERMANY Equinix Germany, DE"
MWAE.Brandenburg.de,"DFN Verein zur Foerderung eines Deutschen Forschungsnetzes e.V., DE"
unsere-leistungen.de,"HETZNER-AS, DE"
sb-bs.niedersachsen.de,Error: [Errno -2] Name or service not known
dreinath-bau.de,"IONOS-AS This is the joint network for IONOS, Fasthosts, Arsys, 1&1 Mail and Media and 1&1 Telecom. Formerly known as 1&1 Internet SE., DE"
aws-stolle.de,"SSERV-AS, DE"
hv.spk-berlin.de,"MITTWALD-AS Mittwald CM Service GmbH und Co. KG, DE"
mh-service.de,"STRATO STRATO AG, DE"
gegenbauer.de,"HETZNER-AS, DE"
kreis-pinneberg.de,"HETZNER-AS, DE"
dringelburg.de,"STRATO STRATO AG, DE"
lbih.hessen.de,"SOPRADO-ANY, DE"
hamm-architektur-denkmalpflege.de,"STRATO STRATO AG, DE"
sbv.mv-regierung.de,Error: [Errno -2] Name or service not known
stadt.wolfsburg.de,Error: [Errno -2] Name or service not known
stadtwerke-hurth.de,Error: [Errno -2] Name or service not known
ingenaix.de,"MITTWALD-AS Mittwald CM Service GmbH und Co. KG, DE"
polizei.bayern.de,"VODANET International IP-Backbone of Vodafone, DE"
schoeffel.de,"GOOGLE-CLOUD-PLATFORM, US"
celle.de,"TNG-AS TNG Stadtnetz GmbH, DE"
LKCELLE.de,"TNG-AS TNG Stadtnetz GmbH, DE"
nitsche-wdt.de,"SCALEUP, DE"
kirchengemeinde-staaken.de,"MONO, DK"
koalick.de,"GD-EMEA-DC-SXB1, DE"
bundesbank.de,"BABIEL-NET, DE"
auk-ing.de,"MITTWALD-AS Mittwald CM Service GmbH und Co. KG, DE"
hs-harz.de,"DFN Verein zur Foerderung eines Deutschen Forschungsnetzes e.V., DE"
machineering.com,"HETZNER-AS, DE"
dannenbergindustries.nl,"WEEBLY, US"
schwall-bau.de,"STRATO STRATO AG, DE"
lentner-gmbh.de,"GD-EMEA-DC-SXB1, DE"
stirner-gmbh.de,"TTM, DE"
heavy-rescue.de,"HETZNER-AS, DE"
duesseldorf.de,"ITK-RHEINLAND, DE"
telekom.de,"SCZN-AS, DE"
sb-han.niedersachsen.de,Error: [Errno -2] Name or service not known
wallintin-ausbau.de,"HETZNER-AS, DE"
fhi-berlin.mpg.de,Error: [Errno -2] Name or service not known
fam-gdl.com,"GD-EMEA-DC-SXB1, DE"
straubing.de,"FILOO-ASN Rhedaer Stra?e 25, DE"
schreinerei-vilsmeier.de,"CONTABO, DE"
awbkoeln.de,"MITTWALD-AS Mittwald CM Service GmbH und Co. KG, DE"
bhm-personal.de,"GD-EMEA-DC-SXB1, DE"
movado-gruppe.de,"RGI-AS, DE"
alphaconsult-premium.org,"STRATO STRATO AG, DE"
abacus-experten.de,"IONOS-AS This is the joint network for IONOS, Fasthosts, Arsys, 1&1 Mail and Media and 1&1 Telecom. Formerly known as 1&1 Internet SE., DE"
idh-koeln.de,"IONOS-AS This is the joint network for IONOS, Fasthosts, Arsys, 1&1 Mail and Media and 1&1 Telecom. Formerly known as 1&1 Internet SE., DE"
konnex-zeitarbeit.de,"IONOS-AS This is the joint network for IONOS, Fasthosts, Arsys, 1&1 Mail and Media and 1&1 Telecom. Formerly known as 1&1 Internet SE., DE"
sf-rheinland.com,"STRATO STRATO AG, DE"
weil-am-rhein.de,"KOMM-ONE-AS, DE"
perfect-services-plus.de,"IONOS-AS This is the joint network for IONOS, Fasthosts, Arsys, 1&1 Mail and Media and 1&1 Telecom. Formerly known as 1&1 Internet SE., DE"
euskirchen.de,"MITTWALD-AS Mittwald CM Service GmbH und Co. KG, DE"
jerg.biz,"ARTFILES-AS Artfiles New Media GmbH, DE"
schmitt-feuerwehrtechnik.de,"IONOS-AS This is the joint network for IONOS, Fasthosts, Arsys, 1&1 Mail and Media and 1&1 Telecom. Formerly known as 1&1 Internet SE., DE"
immobilien.bremen.de,"DATAPORT-AS, DE"
bau.bremen.de,"DATAPORT-AS, DE"
agw-elektrotechnik.de,"DTAG Internet service provider operations, DE"
stadt.nuernberg.de,"BISPING ISP & Citycarrier, Germany, DE"
documentus-bayern.de,"GODADDY-SXB, DE"
werra-meissner-kreis.de,"GD-EMEA-DC-CGN1, DE"
gmx.de,"IONOS-AS This is the joint network for IONOS, Fasthosts, Arsys, 1&1 Mail and Media and 1&1 Telecom. Formerly known as 1&1 Internet SE., DE"
carloettinger.de,"NETCUP-AS netcup GmbH, DE"
sppm.de,"IONOS-AS This is the joint network for IONOS, Fasthosts, Arsys, 1&1 Mail and Media and 1&1 Telecom. Formerly known as 1&1 Internet SE., DE"
messergroup.com,"SOFTLAYER, US"
dwd.de,"DWD-AS, DE"
leonardogermany.com,"ITMSC, IT"
eichenschild-fensterbau.de,"IONOS-AS This is the joint network for IONOS, Fasthosts, Arsys, 1&1 Mail and Media and 1&1 Telecom. Formerly known as 1&1 Internet SE., DE"
neustadt-hessen.de,"TTM, DE"
heussen-law.de,"GD-EMEA-DC-SXB1, DE"
lsc-group.lu,"CONTABO, DE"
vg-edenkoben.de,"EQUINIX-CONNECT-GERMANY Equinix Germany, DE"
webeler-rechtsanwaelte.de,"IONOS-AS This is the joint network for IONOS, Fasthosts, Arsys, 1&1 Mail and Media and 1&1 Telecom. Formerly known as 1&1 Internet SE., DE"
pia-architekten.de,"GODADDY, DE"
tu-dortmund.de,"DFN Verein zur Foerderung eines Deutschen Forschungsnetzes e.V., DE"
lfoa-mv.de,"DVZ-AS, DE"
googlemail.com,"GOOGLE, US"
eckwald.de,"IONOS-AS This is the joint network for IONOS, Fasthosts, Arsys, 1&1 Mail and Media and 1&1 Telecom. Formerly known as 1&1 Internet SE., DE"
meschedeforstservice.de,Error: [Errno -2] Name or service not known
gmail.com,"GOOGLE, US"
waldkontor.com,"IONOS-AS This is the joint network for IONOS, Fasthosts, Arsys, 1&1 Mail and Media and 1&1 Telecom. Formerly known as 1&1 Internet SE., DE"
gmx.net,"IONOS-AS This is the joint network for IONOS, Fasthosts, Arsys, 1&1 Mail and Media and 1&1 Telecom. Formerly known as 1&1 Internet SE., DE"
plus.aok.de,"COLT COLT Technology Services Group Limited, GB"
bueroland-online.de,"NMM-AS D - 02742 Friedersdorf Hauptstrasse 68, DE"
bitterfeld-wolfen.de,"GD-EMEA-DC-CGN1, DE"
kwdz.de,"HLKOMM 04107 Leipzig, DE"
toko-wolfen.de,"STRATO STRATO AG, DE"
sscinc.com,"SSNC-AS, US"
mobil.hessen.de,"SOPRADO-ANY, DE"
strabag.com,"A1TELEKOM-AT A1 Telekom Austria AG, AT"
ap-s.de,"DE-WEBGO www.webgo.de, DE"
vivantes.de,"MITTWALD-AS Mittwald CM Service GmbH und Co. KG, DE"
siemens-healthineers.com,"AMAZON-02, US"
elektro-essel.de,"NMM-AS D - 02742 Friedersdorf Hauptstrasse 68, DE"
LfU.Brandenburg.de,"DFN Verein zur Foerderung eines Deutschen Forschungsnetzes e.V., DE"
mwae.brandenburg.de,"DFN Verein zur Foerderung eines Deutschen Forschungsnetzes e.V., DE"
mluk.brandenburg.de,"DFN Verein zur Foerderung eines Deutschen Forschungsnetzes e.V., DE"
neusta.de,"BRITELINE-AS, DE"
rpt.bwl.de,Error: [Errno -2] Name or service not known
sweco-gmbh.de,"ASODERLAND, SE"
offenburg.de,"HETZNER-AS, DE"
tna-energie.de,"MITTWALD-AS Mittwald CM Service GmbH und Co. KG, DE"
lzbw.bwl.de,Error: [Errno -2] Name or service not known
Telekom.de,"SCZN-AS, DE"
buehl.de,"GD-EMEA-DC-CGN1, DE"
ewn-gmbh.de,"EDISCOM Am Kanal 4a, 14467 Potsdam, DE"
siemens.com,"AMAZON-02, US"
holzbau-stoffel.de,"STRATO STRATO AG, DE"
z-m-s.de,"HETZNER-AS, DE"
hvg-logistik.de,"GD-EMEA-DC-CGN1, DE"
group-mr.com,"IONOS-AS This is the joint network for IONOS, Fasthosts, Arsys, 1&1 Mail and Media and 1&1 Telecom. Formerly known as 1&1 Internet SE., DE"
blb.nrw.de,"IT-NRW, DE"
adikuezel-putz.de,"EVANZOAS, DE"
franz-traub.de,"MITTWALD-AS Mittwald CM Service GmbH und Co. KG, DE"
lwb.de,"MITTWALD-AS Mittwald CM Service GmbH und Co. KG, DE"
lds-sachsen.de,Error: [Errno -2] Name or service not known
ibs-tragwerk.de,"TELEMAXX, DE"
rnv-online.de,"IONOS-AS This is the joint network for IONOS, Fasthosts, Arsys, 1&1 Mail and Media and 1&1 Telecom. Formerly known as 1&1 Internet SE., DE"
powerlines-group.com,"DIGIMAGICAL, AT"
dresden.de,"LHDD-AS, DE"
stadt-frankfurt.de,"COLT Technology Services Group, GB"
proprojekt.de,"KEYWEB-AS, DE"
bauart-ingenieure.de,"MITTWALD-AS Mittwald CM Service GmbH und Co. KG, DE"
egv-group.de,"IONOS-AS This is the joint network for IONOS, Fasthosts, Arsys, 1&1 Mail and Media and 1&1 Telecom. Formerly known as 1&1 Internet SE., DE"
blf-gruppe.de,"HETZNER-AS, DE"
JDEcoffee.com,"OVH, FR"
rhenser.de,"COMBELL-AS, BE"
friweika.de,"PLUSSERVER-ASN1, DE"
baeckerei-heisters.de,"STRATO STRATO AG, DE"
sondermann-brot.de,"WIX_COM, IL"
Pesch-Brot.de,"IONOS-AS This is the joint network for IONOS, Fasthosts, Arsys, 1&1 Mail and Media and 1&1 Telecom. Formerly known as 1&1 Internet SE., DE"
L.de,"AS_NETZLEIPZIG, DE"
zweiweg.de,"CONTABO, DE"
syke.de,"EWETEL, DE"
man.eu,"AMAZON-02, US"
assmann-sonderfahrzeuge.de,"MITTWALD-AS Mittwald CM Service GmbH und Co. KG, DE"
gwg-muenchen.de,"PUNKT, DE"
cancom.de,"HETZNER-AS, DE"
wbg.nuernberg.de,"NETLOGIX, DE"
kohl-holzbau.de,"HETZNER-AS, DE"
rmkconsult.de,"HTP-AS, DE"
charite.de,"DFN Verein zur Foerderung eines Deutschen Forschungsnetzes e.V., DE"
standardbio.com,"AMAZON-02, US"
avea.de,"CONTABO, DE"
k-plus-s.com,"AMAZON-02, US"
oqema.com,"MITTWALD-AS Mittwald CM Service GmbH und Co. KG, DE"
brenntag.com,"CLOUDFLARENET, US"
eurofunk.com,"CRONON-AS Obermuensterstr. 9, DE"
rsp-freiraum.de,"GOOGLE-CLOUD-PLATFORM, US"
saarbruecken.de,"INTERSAAR-AS, DE"
wirtschaft.saarland.de,"NORIS-NETWORK IT Service Provider located in Nuernberg, Germany, DE"
motoren-baader.de,"NMM-AS D - 02742 Friedersdorf Hauptstrasse 68, DE"
zoeller-kipper.de,"HETZNER-AS, DE"
bieteranfrage.de,"IONOS-AS This is the joint network for IONOS, Fasthosts, Arsys, 1&1 Mail and Media and 1&1 Telecom. Formerly known as 1&1 Internet SE., DE"
raumstudio-falter.de,"VODANET International IP-Backbone of Vodafone, DE"
rt-elektroplanung.de,"GD-EMEA-DC-SXB1, DE"
brack-heizung.de,"STRATO STRATO AG, DE"
stbam2.bayern.de,"VODANET International IP-Backbone of Vodafone, DE"
gregg-mts.de,"LEIBOLD_AS, DE"
holzapfel-gebaeudereinigung.de,"IONOS-AS This is the joint network for IONOS, Fasthosts, Arsys, 1&1 Mail and Media and 1&1 Telecom. Formerly known as 1&1 Internet SE., DE"
mps.mpg.de,"GOENET, DE"
pfeiffer-vacuum.de,"UDAG, DE"
edwardsvacuum.com,"AMAZON-02, US"
pfeiifer-vacuum.com,Error: [Errno -2] Name or service not known
leybold.com,"AMAZON-02, US"
lasuv.sachsen.de,"SUB-LIR-SN-AS Sub-LIR SN, DE"
schuessler-plan.de,"HETZNER-AS, DE"
daemmtechniken.de,"NMM-AS D - 02742 Friedersdorf Hauptstrasse 68, DE"
lbbnet.de,Error: [Errno -2] Name or service not known
lv-reinigungsteam.de,"STRATO STRATO AG, DE"
veolia.com,"CLOUDFLARENET, US"
giesdl.de,"NETHINKS-AS NETHINKS GmbH, DE"
publications.europa.eu,"AMAZON-02, US"
zhv.rwth-aachen.de,Error: [Errno -2] Name or service not known
flyxdrive.com,"STRATO STRATO AG, DE"
hs-gs.de,"IONOS-AS This is the joint network for IONOS, Fasthosts, Arsys, 1&1 Mail and Media and 1&1 Telecom. Formerly known as 1&1 Internet SE., DE"
sbh.hamburg.de,Error: [Errno -2] Name or service not known
bsw.hamburg.de,"PLUSSERVER-ASN1, DE"
tun-architektur.de,"STRATO STRATO AG, DE"
mgksiegen.de,"HETZNER-AS, DE"
mimarbau.com,"NMM-AS D - 02742 Friedersdorf Hauptstrasse 68, DE"
datagroup.de,"IMOS-AS Alfons-Feifel-Str. 9, DE"
landkreis-wittenberg.de,"HETZNER-AS, DE"
btc-ag.com,"AMAZON-02, US"
kreisgg.de,"AMAZON-02, US"
tgt-meiningen.de,"STRATO STRATO AG, DE"
wollenweberarchitektur.de,"STRATO STRATO AG, DE"
bv.aok.de,Error: [Errno -2] Name or service not known
mckinsey.com,"MCKINSEY-GLOBAL, US"
wandlitz.de,"HETZNER-AS, DE"
abst-brandenburg.de,"UUU-TELECOM-AS, DE"
galabau-rb.de,"GODADDY-CGN, DE"
villingen-schwenningen.de,"MITTWALD-AS Mittwald CM Service GmbH und Co. KG, DE"
waldmann-elektrotechnik.com,"GD-EMEA-DC-SXB1, DE"
kokon-architektur.de,"NMM-AS D - 02742 Friedersdorf Hauptstrasse 68, DE"
herzogundpartner.de,"STRATO STRATO AG, DE"
bge.de,"AMAZON-02, US"
zueblin.de,"A1TELEKOM-AT A1 Telekom Austria AG, AT"
vhh-mobility.de,"NMM-AS D - 02742 Friedersdorf Hauptstrasse 68, DE"
daimlertruck.com,"AMAZON-02, US"
neu-sw.de,"NEU-ITEC, DE"
aquaplan-eurofloc.de,"STRATO STRATO AG, DE"
jva-castrop-rauxel.nrw.de,Error: [Errno -2] Name or service not known
milser-muehle.de,"IONOS-AS This is the joint network for IONOS, Fasthosts, Arsys, 1&1 Mail and Media and 1&1 Telecom. Formerly known as 1&1 Internet SE., DE"
zuv.uni-hannover.de,Error: [Errno -2] Name or service not known
as-suhl.de,"IONOS-AS This is the joint network for IONOS, Fasthosts, Arsys, 1&1 Mail and Media and 1&1 Telecom. Formerly known as 1&1 Internet SE., DE"
st-vincenz.de,"HETZNER-AS, DE"
ziehm.com,"SYCOR, DE"
bursch.de,"SYB-AS, DE"
HV.SPK-Berlin.de,"MITTWALD-AS Mittwald CM Service GmbH und Co. KG, DE"
bielefeld.de,"MEDIALINE-EUROTRADE-AG, DE"
stadtwerke-bielefeld.de,"SW-BIELEFELD-AS, DE"
winterdienst-lr.de,"INTERNETX-AS, DE"
emm-dienstleistungen.de,"MK-NETZDIENSTE-AS, DE"
stbain.bayern.de,"VODANET International IP-Backbone of Vodafone, DE"
bundeskartellamt.de-mail.de,Error: [Errno -2] Name or service not known
hyna-weiss.de,"SQUARESPACE, US"
gammel.de,"AMAZON-02, US"
griesch.com,"DTAG Internet service provider operations, DE"
waldshut-tiengen.de,"HETZNER-AS, DE"
weba-tuwas.de,"IONOS-AS This is the joint network for IONOS, Fasthosts, Arsys, 1&1 Mail and Media and 1&1 Telecom. Formerly known as 1&1 Internet SE., DE"
aas.aero,"INFOMANIAK-AS, CH"
unimedizin-ffm.de,"MITTWALD-AS Mittwald CM Service GmbH und Co. KG, DE"
rp-darmstadt.hessen.de,"SOPRADO-ANY, DE"
illumina.com,
mzwo.de,"GODADDY-SXB, DE"
dueplan.de,"GD-EMEA-DC-SXB1, DE"
petershagen-eggersdorf.de,"MITTWALD-AS Mittwald CM Service GmbH und Co. KG, DE"
kieback-peter.de,"UPCLOUD, FI"
krueger-tiefbaugesellschaft.de,"NMM-AS D - 02742 Friedersdorf Hauptstrasse 68, DE"
airtec-gronau.de,"NMM-AS D - 02742 Friedersdorf Hauptstrasse 68, DE"
schueller-at.de,"IONOS-AS This is the joint network for IONOS, Fasthosts, Arsys, 1&1 Mail and Media and 1&1 Telecom. Formerly known as 1&1 Internet SE., DE"
weigerstorfer.de,"GD-EMEA-DC-CGN1, DE"
weisbrod-partner.de,"HETZNER-AS, DE"
mobil-krankenkasse.de,"DTAG Internet service provider operations, DE"
softwareone.com,"AMAZON-02, US"
mail.klinikum-darmstadt.de,"ENTEGAMEDIANET ENTEGA Medianet GmbH, DE"
aixtron.com,"HETZNER-AS, DE"
tlbv.thueringen.de,Error: [Errno -2] Name or service not known
brunnenmeisterei-weimar.de,"IKS, DE"
wupperverband.de,"DTAG Internet service provider operations, DE"
helmutreiter.com,"GD-EMEA-DC-SXB1, DE"
kkr-gmbh.de,"IONOS-AS This is the joint network for IONOS, Fasthosts, Arsys, 1&1 Mail and Media and 1&1 Telecom. Formerly known as 1&1 Internet SE., DE"
thoss-buero.de,"STRATO STRATO AG, DE"
stadt-baruth-mark.de,"HETZNER-AS, DE"
mwe.brandenburg.de,"DFN Verein zur Foerderung eines Deutschen Forschungsnetzes e.V., DE"
bg-aip-ibs.de,"IONOS-AS This is the joint network for IONOS, Fasthosts, Arsys, 1&1 Mail and Media and 1&1 Telecom. Formerly known as 1&1 Internet SE., DE"
goerg.de,"CLOUDFLARENET, US"
wisec-group.de,"NMM-AS D - 02742 Friedersdorf Hauptstrasse 68, DE"
wisag.de,"LINK11 Link11 GmbH, DE"
security-service-germany.de,"IONOS-AS This is the joint network for IONOS, Fasthosts, Arsys, 1&1 Mail and Media and 1&1 Telecom. Formerly known as 1&1 Internet SE., DE"
halle.de,"EVH-AS, DE"
koflerenergies.com,"GD-EMEA-DC-SXB1, DE"
stbaas.bayern.de,"VODANET International IP-Backbone of Vodafone, DE"
schreinerei-reindl.de,"STRATO STRATO AG, DE"
sum-bc.de,"RATIOKONTAKT, DE"
landkreis-mittelsachsen.de,"HETZNER-AS, DE"
deutschepost.de,"MICROSOFT-CORP-MSN-AS-BLOCK, US"
eckhardt-bau.de,"STRATO STRATO AG, DE"
nano-di.com,"CLOUDFLARESPECTRUM Cloudflare, Inc., US"
de.ey.com,"MICROSOFT-CORP-MSN-AS-BLOCK, US"
koetter.de,"MITTWALD-AS Mittwald CM Service GmbH und Co. KG, DE"
lra-fue.bayern.de,Error: [Errno -2] Name or service not known
wohnstadtbau.de,"HETZNER-AS, DE"
richardt-neukirchen.de,"MITTWALD-AS Mittwald CM Service GmbH und Co. KG, DE"
gansloser.de,"GODADDY-CGN, DE"
neustadt.eu,"TNG-AS TNG Stadtnetz GmbH, DE"
ser-gmbh.net,"GODADDY-SXB, DE"
gesobau.de,"PLANETARYNETWORKS, DE"
wg-a.com,"CLOUDFLARENET, US"
henkel-pm.de,"STRATO STRATO AG, DE"
malerundfassadebau.de,Error: [Errno -2] Name or service not known
