Link,Email,Page Number
https://ted.europa.eu/en/notice/-/detail/594059-2024,https://www.dkrz.de/de,1
https://ted.europa.eu/en/notice/-/detail/594059-2024,noreply.esender_hub@bescha.bund.de,1
https://ted.europa.eu/en/notice/-/detail/594059-2024,http://de.atos.net/bull,1
https://ted.europa.eu/en/notice/-/detail/594059-2024,juergen.schiewe@eviden.com,1
https://ted.europa.eu/en/notice/-/detail/594059-2024,vergabekammer@fb.hamburg.de,1
https://ted.europa.eu/en/notice/-/detail/594059-2024,http://fhh.hamburg.de/,1
https://ted.europa.eu/en/notice/-/detail/594059-2024,vergabeteam@dkrz.de,1
https://ted.europa.eu/en/notice/-/detail/594048-2024,post@angenvoort-barth.de,1
https://ted.europa.eu/en/notice/-/detail/594048-2024,Vkrhld-d@bezreg-koeln.nrw.de,1
https://ted.europa.eu/en/notice/-/detail/594048-2024,noreply.esender_hub@bescha.bund.de,1
https://ted.europa.eu/en/notice/-/detail/594048-2024,http://www.bezreg-koeln.nrw.de/,1
https://ted.europa.eu/en/notice/-/detail/594048-2024,vergabestelle@kreis-viersen.de,1
https://ted.europa.eu/en/notice/-/detail/594082-2024,https://www.berlin.de/sen/wirtschaft/wirtschaftsrecht/vergabekammer,1
https://ted.europa.eu/en/notice/-/detail/594082-2024,ausschreibung@degewo.de,1
https://ted.europa.eu/en/notice/-/detail/594082-2024,https://www.degewo-ag.de/,1
https://ted.europa.eu/en/notice/-/detail/594082-2024,berlin@bo-gruppe.de,1
https://ted.europa.eu/en/notice/-/detail/594082-2024,noreply.esender_hub@bescha.bund.de,1
https://ted.europa.eu/en/notice/-/detail/594082-2024,vergabekammer@senweb.berlin.de,1
https://ted.europa.eu/en/notice/-/detail/594011-2024,Michele.M.Manicone@deutschebahn.com,1
https://ted.europa.eu/en/notice/-/detail/594011-2024,Michele.M.Manicone@deutschebahn.com,1
https://ted.europa.eu/en/notice/-/detail/594011-2024,Michele.M.Manicone@deutschebahn.com,1
https://ted.europa.eu/en/notice/-/detail/594011-2024,http://www.deutschebahn.com/bieterportal,1
https://ted.europa.eu/en/notice/-/detail/594011-2024,vk@bundeskartellamt.bund.de,1
https://ted.europa.eu/en/notice/-/detail/594011-2024,bieterportal-alt@deutschebahn.com,1
https://ted.europa.eu/en/notice/-/detail/594011-2024,noreply.esender_hub@bescha.bund.de,1
https://ted.europa.eu/en/notice/-/detail/594093-2024,NLStBV-Z-Vergabestelle@nlstbv.niedersachsen.de,1
https://ted.europa.eu/en/notice/-/detail/594093-2024,NLStBV-Z-Vergabestelle@nlstbv.niedersachsen.de,1
https://ted.europa.eu/en/notice/-/detail/594093-2024,NLStBV-Z-Vergabestelle@nlstbv.niedersachsen.de,1
https://ted.europa.eu/en/notice/-/detail/594093-2024,nlstbv-z-vergabestelle@nlstbv.niedersachsen.de,1
https://ted.europa.eu/en/notice/-/detail/594093-2024,nlstbv-z-vergabestelle@nlstbv.niedersachsen.de,1
https://ted.europa.eu/en/notice/-/detail/594093-2024,vergabekammer@mw.niedersachsen.de,1
https://ted.europa.eu/en/notice/-/detail/594093-2024,nlstbv-z-vergabestelle@nlstbv.niedersachsen.de,1
https://ted.europa.eu/en/notice/-/detail/594093-2024,noreply.esender_hub@bescha.bund.de,1
https://ted.europa.eu/en/notice/-/detail/594060-2024,m.pagenkopf@khwe.de,1
https://ted.europa.eu/en/notice/-/detail/594060-2024,m.pagenkopf@khwe.de,1
https://ted.europa.eu/en/notice/-/detail/594060-2024,m.pagenkopf@khwe.de,1
https://ted.europa.eu/en/notice/-/detail/594060-2024,https://www.khwe.de/,1
https://ted.europa.eu/en/notice/-/detail/594060-2024,https://plattform.aumass.de/Veroeffentlichung/av21f30d-eu,1
https://ted.europa.eu/en/notice/-/detail/594060-2024,vergabekammer@bezreg-muenster.nrw.de,1
https://ted.europa.eu/en/notice/-/detail/594060-2024,https://www.bezreg-muenster.de/de/wirtschaft_finanzen_kommunalaufsicht/vergabekammer_westfalen/index.html,1
https://ted.europa.eu/en/notice/-/detail/594060-2024,info@konzeptmanagement.de,1
https://ted.europa.eu/en/notice/-/detail/594060-2024,https://konzeptmanagement.de/,1
https://ted.europa.eu/en/notice/-/detail/594060-2024,noreply.esender_hub@bescha.bund.de,1
https://ted.europa.eu/en/notice/-/detail/594057-2024,vol.submissionsstelle@stadt-chemnitz.de,1
https://ted.europa.eu/en/notice/-/detail/594057-2024,vol.submissionsstelle@stadt-chemnitz.de,1
https://ted.europa.eu/en/notice/-/detail/594057-2024,vol.submissionsstelle@stadt-chemnitz.de,1
https://ted.europa.eu/en/notice/-/detail/594057-2024,http://www.chemnitz.de/,1
https://ted.europa.eu/en/notice/-/detail/594057-2024,wiltrud.kadenbach@lds.sachsen.de,1
https://ted.europa.eu/en/notice/-/detail/594057-2024,post@lds.sachsen.de,1
https://ted.europa.eu/en/notice/-/detail/594057-2024,geschaeftsfuehrung@karree49.de,1
https://ted.europa.eu/en/notice/-/detail/594057-2024,noreply.esender_hub@bescha.bund.de,1
https://ted.europa.eu/en/notice/-/detail/594049-2024,submissionen@hamburgwasser.de,1
https://ted.europa.eu/en/notice/-/detail/594049-2024,submissionen@hamburgwasser.de,1
https://ted.europa.eu/en/notice/-/detail/594049-2024,submissionen@hamburgwasser.de,1
https://ted.europa.eu/en/notice/-/detail/594049-2024,https://www.hamburgwasser.de/,1
https://ted.europa.eu/en/notice/-/detail/594049-2024,https://vergabe.hamburgwasser.de/NetServer,1
https://ted.europa.eu/en/notice/-/detail/594049-2024,vergabekammer@fb.hamburg.de,1
https://ted.europa.eu/en/notice/-/detail/594049-2024,submissionen@hamburgwasser.de,1
https://ted.europa.eu/en/notice/-/detail/594049-2024,https://www.hamburgwasser.de/,1
https://ted.europa.eu/en/notice/-/detail/594049-2024,ausschreibung@mupi.de,1
https://ted.europa.eu/en/notice/-/detail/594049-2024,noreply.esender_hub@bescha.bund.de,1
https://ted.europa.eu/en/notice/-/detail/594025-2024,zentrale-vergabestelle@laiv-mv.de,1
https://ted.europa.eu/en/notice/-/detail/594025-2024,zentrale-vergabestelle@laiv-mv.de,1
https://ted.europa.eu/en/notice/-/detail/594025-2024,zentrale-vergabestelle@laiv-mv.de,1
https://ted.europa.eu/en/notice/-/detail/594025-2024,https://www.laiv-mv.de/,1
https://ted.europa.eu/en/notice/-/detail/594025-2024,vergabekammer@wm.mv-regierung.de,1
https://ted.europa.eu/en/notice/-/detail/594025-2024,ausschreibungen@baronmobil.com,1
https://ted.europa.eu/en/notice/-/detail/594025-2024,noreply.esender_hub@bescha.bund.de,1
https://ted.europa.eu/en/notice/-/detail/594022-2024,vergabestelle@egst.de,1
https://ted.europa.eu/en/notice/-/detail/594022-2024,vergabestelle@egst.de,1
https://ted.europa.eu/en/notice/-/detail/594022-2024,vergabestelle@egst.de,1
https://ted.europa.eu/en/notice/-/detail/594022-2024,vergabekammer@brms.nrw.de,1
https://ted.europa.eu/en/notice/-/detail/594022-2024,ulrich.kramps@remondis.de,1
https://ted.europa.eu/en/notice/-/detail/594022-2024,daniel.toerner@rwe.com,1
https://ted.europa.eu/en/notice/-/detail/594022-2024,post@guenter-fehr.de,1
https://ted.europa.eu/en/notice/-/detail/594022-2024,info@stenau.net,1
https://ted.europa.eu/en/notice/-/detail/594022-2024,h.brinkschmidt@kockmann-gmbh.de,1
https://ted.europa.eu/en/notice/-/detail/594022-2024,noreply.esender_hub@bescha.bund.de,1
https://ted.europa.eu/en/notice/-/detail/594019-2024,vergabestelle@kreis-herford.de,1
https://ted.europa.eu/en/notice/-/detail/594019-2024,vergabestelle@kreis-herford.de,1
https://ted.europa.eu/en/notice/-/detail/594019-2024,https://databox0200.krz.de/public/download-shares/uR21nBpb0OIXi05f0A4drr6BOuuOP2WP,1
https://ted.europa.eu/en/notice/-/detail/594019-2024,vergabestelle@kreis-herford.de,1
https://ted.europa.eu/en/notice/-/detail/594019-2024,https://www.deutsche-evergabe.de/,1
https://ted.europa.eu/en/notice/-/detail/594019-2024,https://www.deutsche-evergabe.de/,1
https://ted.europa.eu/en/notice/-/detail/594019-2024,vergabekammer@brms.nrw.de,1
https://ted.europa.eu/en/notice/-/detail/594019-2024,info@metallbau-vahle.de,1
https://ted.europa.eu/en/notice/-/detail/594019-2024,noreply.esender_hub@bescha.bund.de,1
https://ted.europa.eu/en/notice/-/detail/593980-2024,info@alzey-land.de,1
https://ted.europa.eu/en/notice/-/detail/593980-2024,info@alzey-land.de,1
https://ted.europa.eu/en/notice/-/detail/593980-2024,info@alzey-land.de,1
https://ted.europa.eu/en/notice/-/detail/593980-2024,https://www.alzey-land.de/,1
https://ted.europa.eu/en/notice/-/detail/593980-2024,vergabekammer.rlp@mwvlw.rlp.de,1
https://ted.europa.eu/en/notice/-/detail/593980-2024,noreply.esender_hub@bescha.bund.de,1
https://ted.europa.eu/en/notice/-/detail/593966-2024,vergabestelle@stwm.de,1
https://ted.europa.eu/en/notice/-/detail/593966-2024,vergabestelle@stwm.de,1
https://ted.europa.eu/en/notice/-/detail/593966-2024,vergabestelle@stwm.de,1
https://ted.europa.eu/en/notice/-/detail/593966-2024,https://www.studierendenwerk-muenchen-oberbayern.de/,1
https://ted.europa.eu/en/notice/-/detail/593966-2024,https://www.studierendenwerk-muenchen-oberbayern.de/ausschreibungen,1
https://ted.europa.eu/en/notice/-/detail/593966-2024,vergabekammer.suedbayern@reg-ob.bayern.de,1
https://ted.europa.eu/en/notice/-/detail/593966-2024,https://www.regierung.oberbayern.bayern.de/,1
https://ted.europa.eu/en/notice/-/detail/593966-2024,innendienst@miesbacher-gastroservice.de,1
https://ted.europa.eu/en/notice/-/detail/593966-2024,innendienst@miesbacher-gastroservice.de,1
https://ted.europa.eu/en/notice/-/detail/593966-2024,noreply.esender_hub@bescha.bund.de,1
https://ted.europa.eu/en/notice/-/detail/593959-2024,vergabe@altensteig.de,1
https://ted.europa.eu/en/notice/-/detail/593959-2024,vergabe@altensteig.de,1
https://ted.europa.eu/en/notice/-/detail/593959-2024,vergabe@altensteig.de,1
https://ted.europa.eu/en/notice/-/detail/593959-2024,hesslinger@klotzundpartner.de,1
https://ted.europa.eu/en/notice/-/detail/593959-2024,vergabekammer@rpk.bwl.de,1
https://ted.europa.eu/en/notice/-/detail/593959-2024,info@ibfranz.com,1
https://ted.europa.eu/en/notice/-/detail/593959-2024,noreply.esender_hub@bescha.bund.de,1
https://ted.europa.eu/en/notice/-/detail/593944-2024,bernd.euler@gedern.de,1
https://ted.europa.eu/en/notice/-/detail/593944-2024,bernd.euler@gedern.de,1
https://ted.europa.eu/en/notice/-/detail/593944-2024,bernd.euler@gedern.de,1
https://ted.europa.eu/en/notice/-/detail/593944-2024,vergabekammer@rpda.hessen.de,1
https://ted.europa.eu/en/notice/-/detail/593944-2024,vergabekammer@rpda.hessen.de,1
https://ted.europa.eu/en/notice/-/detail/593944-2024,vergabekammer@rpda.hessen.de,1
https://ted.europa.eu/en/notice/-/detail/593944-2024,noreply.esender_hub@bescha.bund.de,1
