Page Number,Links
1,https://ted.europa.eu/en/notice/-/detail/594093-2024
1,https://ted.europa.eu/en/notice/-/detail/594082-2024
1,https://ted.europa.eu/en/notice/-/detail/594060-2024
1,https://ted.europa.eu/en/notice/-/detail/594059-2024
1,https://ted.europa.eu/en/notice/-/detail/594057-2024
1,https://ted.europa.eu/en/notice/-/detail/594049-2024
1,https://ted.europa.eu/en/notice/-/detail/594048-2024
1,https://ted.europa.eu/en/notice/-/detail/594025-2024
1,https://ted.europa.eu/en/notice/-/detail/594022-2024
1,https://ted.europa.eu/en/notice/-/detail/594019-2024
1,https://ted.europa.eu/en/notice/-/detail/594011-2024
1,https://ted.europa.eu/en/notice/-/detail/593980-2024
1,https://ted.europa.eu/en/notice/-/detail/593966-2024
1,https://ted.europa.eu/en/notice/-/detail/593959-2024
1,https://ted.europa.eu/en/notice/-/detail/593944-2024
1,https://ted.europa.eu/en/notice/-/detail/593931-2024
1,https://ted.europa.eu/en/notice/-/detail/593912-2024
1,https://ted.europa.eu/en/notice/-/detail/593911-2024
1,https://ted.europa.eu/en/notice/-/detail/593880-2024
1,https://ted.europa.eu/en/notice/-/detail/593875-2024
1,https://ted.europa.eu/en/notice/-/detail/593873-2024
1,https://ted.europa.eu/en/notice/-/detail/593872-2024
1,https://ted.europa.eu/en/notice/-/detail/593869-2024
1,https://ted.europa.eu/en/notice/-/detail/593850-2024
1,https://ted.europa.eu/en/notice/-/detail/593842-2024
1,https://ted.europa.eu/en/notice/-/detail/593834-2024
1,https://ted.europa.eu/en/notice/-/detail/593816-2024
1,https://ted.europa.eu/en/notice/-/detail/593814-2024
1,https://ted.europa.eu/en/notice/-/detail/593756-2024
1,https://ted.europa.eu/en/notice/-/detail/593748-2024
1,https://ted.europa.eu/en/notice/-/detail/593744-2024
1,https://ted.europa.eu/en/notice/-/detail/593716-2024
1,https://ted.europa.eu/en/notice/-/detail/593695-2024
1,https://ted.europa.eu/en/notice/-/detail/593680-2024
1,https://ted.europa.eu/en/notice/-/detail/593641-2024
1,https://ted.europa.eu/en/notice/-/detail/593636-2024
1,https://ted.europa.eu/en/notice/-/detail/593628-2024
1,https://ted.europa.eu/en/notice/-/detail/593587-2024
1,https://ted.europa.eu/en/notice/-/detail/593529-2024
1,https://ted.europa.eu/en/notice/-/detail/593524-2024
1,https://ted.europa.eu/en/notice/-/detail/593518-2024
1,https://ted.europa.eu/en/notice/-/detail/593512-2024
1,https://ted.europa.eu/en/notice/-/detail/593509-2024
1,https://ted.europa.eu/en/notice/-/detail/593502-2024
1,https://ted.europa.eu/en/notice/-/detail/593500-2024
1,https://ted.europa.eu/en/notice/-/detail/593485-2024
1,https://ted.europa.eu/en/notice/-/detail/593477-2024
1,https://ted.europa.eu/en/notice/-/detail/593460-2024
1,https://ted.europa.eu/en/notice/-/detail/593441-2024
1,https://ted.europa.eu/en/notice/-/detail/593438-2024
2,https://ted.europa.eu/en/notice/-/detail/593384-2024
2,https://ted.europa.eu/en/notice/-/detail/593382-2024
2,https://ted.europa.eu/en/notice/-/detail/593375-2024
2,https://ted.europa.eu/en/notice/-/detail/593370-2024
2,https://ted.europa.eu/en/notice/-/detail/593354-2024
2,https://ted.europa.eu/en/notice/-/detail/593352-2024
2,https://ted.europa.eu/en/notice/-/detail/593325-2024
2,https://ted.europa.eu/en/notice/-/detail/593324-2024
2,https://ted.europa.eu/en/notice/-/detail/593310-2024
2,https://ted.europa.eu/en/notice/-/detail/593309-2024
2,https://ted.europa.eu/en/notice/-/detail/593304-2024
2,https://ted.europa.eu/en/notice/-/detail/593303-2024
2,https://ted.europa.eu/en/notice/-/detail/593292-2024
2,https://ted.europa.eu/en/notice/-/detail/593284-2024
2,https://ted.europa.eu/en/notice/-/detail/593270-2024
2,https://ted.europa.eu/en/notice/-/detail/593269-2024
2,https://ted.europa.eu/en/notice/-/detail/593268-2024
2,https://ted.europa.eu/en/notice/-/detail/593265-2024
2,https://ted.europa.eu/en/notice/-/detail/593227-2024
2,https://ted.europa.eu/en/notice/-/detail/593210-2024
2,https://ted.europa.eu/en/notice/-/detail/593209-2024
2,https://ted.europa.eu/en/notice/-/detail/593200-2024
2,https://ted.europa.eu/en/notice/-/detail/593177-2024
2,https://ted.europa.eu/en/notice/-/detail/593168-2024
2,https://ted.europa.eu/en/notice/-/detail/593155-2024
2,https://ted.europa.eu/en/notice/-/detail/593142-2024
2,https://ted.europa.eu/en/notice/-/detail/593138-2024
2,https://ted.europa.eu/en/notice/-/detail/593137-2024
2,https://ted.europa.eu/en/notice/-/detail/593134-2024
2,https://ted.europa.eu/en/notice/-/detail/593106-2024
2,https://ted.europa.eu/en/notice/-/detail/593084-2024
2,https://ted.europa.eu/en/notice/-/detail/593074-2024
2,https://ted.europa.eu/en/notice/-/detail/593067-2024
2,https://ted.europa.eu/en/notice/-/detail/593056-2024
2,https://ted.europa.eu/en/notice/-/detail/593050-2024
2,https://ted.europa.eu/en/notice/-/detail/592997-2024
2,https://ted.europa.eu/en/notice/-/detail/592975-2024
2,https://ted.europa.eu/en/notice/-/detail/592974-2024
2,https://ted.europa.eu/en/notice/-/detail/592970-2024
2,https://ted.europa.eu/en/notice/-/detail/592961-2024
2,https://ted.europa.eu/en/notice/-/detail/592946-2024
2,https://ted.europa.eu/en/notice/-/detail/592935-2024
2,https://ted.europa.eu/en/notice/-/detail/592933-2024
2,https://ted.europa.eu/en/notice/-/detail/592928-2024
2,https://ted.europa.eu/en/notice/-/detail/592920-2024
2,https://ted.europa.eu/en/notice/-/detail/592912-2024
2,https://ted.europa.eu/en/notice/-/detail/592900-2024
2,https://ted.europa.eu/en/notice/-/detail/592893-2024
2,https://ted.europa.eu/en/notice/-/detail/592890-2024
2,https://ted.europa.eu/en/notice/-/detail/592883-2024
3,https://ted.europa.eu/en/notice/-/detail/592862-2024
3,https://ted.europa.eu/en/notice/-/detail/592855-2024
3,https://ted.europa.eu/en/notice/-/detail/592854-2024
3,https://ted.europa.eu/en/notice/-/detail/592851-2024
3,https://ted.europa.eu/en/notice/-/detail/592841-2024
3,https://ted.europa.eu/en/notice/-/detail/592839-2024
3,https://ted.europa.eu/en/notice/-/detail/592836-2024
3,https://ted.europa.eu/en/notice/-/detail/592821-2024
3,https://ted.europa.eu/en/notice/-/detail/592808-2024
3,https://ted.europa.eu/en/notice/-/detail/592804-2024
3,https://ted.europa.eu/en/notice/-/detail/592794-2024
3,https://ted.europa.eu/en/notice/-/detail/592793-2024
3,https://ted.europa.eu/en/notice/-/detail/592773-2024
3,https://ted.europa.eu/en/notice/-/detail/592769-2024
3,https://ted.europa.eu/en/notice/-/detail/592767-2024
3,https://ted.europa.eu/en/notice/-/detail/592766-2024
3,https://ted.europa.eu/en/notice/-/detail/592759-2024
3,https://ted.europa.eu/en/notice/-/detail/592749-2024
3,https://ted.europa.eu/en/notice/-/detail/592745-2024
3,https://ted.europa.eu/en/notice/-/detail/592739-2024
3,https://ted.europa.eu/en/notice/-/detail/592725-2024
3,https://ted.europa.eu/en/notice/-/detail/592722-2024
3,https://ted.europa.eu/en/notice/-/detail/592711-2024
3,https://ted.europa.eu/en/notice/-/detail/592693-2024
3,https://ted.europa.eu/en/notice/-/detail/592690-2024
3,https://ted.europa.eu/en/notice/-/detail/592685-2024
3,https://ted.europa.eu/en/notice/-/detail/592678-2024
3,https://ted.europa.eu/en/notice/-/detail/592665-2024
3,https://ted.europa.eu/en/notice/-/detail/592662-2024
3,https://ted.europa.eu/en/notice/-/detail/592638-2024
3,https://ted.europa.eu/en/notice/-/detail/592632-2024
3,https://ted.europa.eu/en/notice/-/detail/592628-2024
3,https://ted.europa.eu/en/notice/-/detail/592625-2024
3,https://ted.europa.eu/en/notice/-/detail/592620-2024
3,https://ted.europa.eu/en/notice/-/detail/592601-2024
3,https://ted.europa.eu/en/notice/-/detail/592593-2024
3,https://ted.europa.eu/en/notice/-/detail/592588-2024
3,https://ted.europa.eu/en/notice/-/detail/592571-2024
3,https://ted.europa.eu/en/notice/-/detail/592565-2024
3,https://ted.europa.eu/en/notice/-/detail/592557-2024
3,https://ted.europa.eu/en/notice/-/detail/592547-2024
3,https://ted.europa.eu/en/notice/-/detail/592540-2024
3,https://ted.europa.eu/en/notice/-/detail/592527-2024
3,https://ted.europa.eu/en/notice/-/detail/592506-2024
3,https://ted.europa.eu/en/notice/-/detail/592499-2024
3,https://ted.europa.eu/en/notice/-/detail/592492-2024
3,https://ted.europa.eu/en/notice/-/detail/592485-2024
3,https://ted.europa.eu/en/notice/-/detail/592483-2024
3,https://ted.europa.eu/en/notice/-/detail/592482-2024
3,https://ted.europa.eu/en/notice/-/detail/592471-2024
4,https://ted.europa.eu/en/notice/-/detail/592461-2024
4,https://ted.europa.eu/en/notice/-/detail/592449-2024
4,https://ted.europa.eu/en/notice/-/detail/592440-2024
4,https://ted.europa.eu/en/notice/-/detail/592439-2024
4,https://ted.europa.eu/en/notice/-/detail/592414-2024
4,https://ted.europa.eu/en/notice/-/detail/592393-2024
4,https://ted.europa.eu/en/notice/-/detail/592385-2024
4,https://ted.europa.eu/en/notice/-/detail/592382-2024
4,https://ted.europa.eu/en/notice/-/detail/592380-2024
4,https://ted.europa.eu/en/notice/-/detail/592377-2024
4,https://ted.europa.eu/en/notice/-/detail/592372-2024
4,https://ted.europa.eu/en/notice/-/detail/592360-2024
4,https://ted.europa.eu/en/notice/-/detail/592321-2024
4,https://ted.europa.eu/en/notice/-/detail/592313-2024
4,https://ted.europa.eu/en/notice/-/detail/592274-2024
4,https://ted.europa.eu/en/notice/-/detail/592267-2024
4,https://ted.europa.eu/en/notice/-/detail/592263-2024
4,https://ted.europa.eu/en/notice/-/detail/592257-2024
4,https://ted.europa.eu/en/notice/-/detail/592247-2024
4,https://ted.europa.eu/en/notice/-/detail/592235-2024
4,https://ted.europa.eu/en/notice/-/detail/592225-2024
4,https://ted.europa.eu/en/notice/-/detail/592219-2024
4,https://ted.europa.eu/en/notice/-/detail/592211-2024
4,https://ted.europa.eu/en/notice/-/detail/592208-2024
4,https://ted.europa.eu/en/notice/-/detail/592203-2024
4,https://ted.europa.eu/en/notice/-/detail/592199-2024
4,https://ted.europa.eu/en/notice/-/detail/592171-2024
4,https://ted.europa.eu/en/notice/-/detail/592160-2024
4,https://ted.europa.eu/en/notice/-/detail/592159-2024
4,https://ted.europa.eu/en/notice/-/detail/592158-2024
4,https://ted.europa.eu/en/notice/-/detail/592140-2024
4,https://ted.europa.eu/en/notice/-/detail/592131-2024
4,https://ted.europa.eu/en/notice/-/detail/592121-2024
4,https://ted.europa.eu/en/notice/-/detail/592117-2024
4,https://ted.europa.eu/en/notice/-/detail/592094-2024
4,https://ted.europa.eu/en/notice/-/detail/592090-2024
4,https://ted.europa.eu/en/notice/-/detail/592087-2024
4,https://ted.europa.eu/en/notice/-/detail/592085-2024
4,https://ted.europa.eu/en/notice/-/detail/592081-2024
4,https://ted.europa.eu/en/notice/-/detail/592080-2024
4,https://ted.europa.eu/en/notice/-/detail/592027-2024
4,https://ted.europa.eu/en/notice/-/detail/592024-2024
4,https://ted.europa.eu/en/notice/-/detail/592002-2024
4,https://ted.europa.eu/en/notice/-/detail/591999-2024
4,https://ted.europa.eu/en/notice/-/detail/591998-2024
4,https://ted.europa.eu/en/notice/-/detail/591980-2024
4,https://ted.europa.eu/en/notice/-/detail/591974-2024
4,https://ted.europa.eu/en/notice/-/detail/591972-2024
4,https://ted.europa.eu/en/notice/-/detail/591934-2024
4,https://ted.europa.eu/en/notice/-/detail/591931-2024
5,https://ted.europa.eu/en/notice/-/detail/591920-2024
5,https://ted.europa.eu/en/notice/-/detail/591918-2024
5,https://ted.europa.eu/en/notice/-/detail/591909-2024
5,https://ted.europa.eu/en/notice/-/detail/591905-2024
5,https://ted.europa.eu/en/notice/-/detail/591874-2024
5,https://ted.europa.eu/en/notice/-/detail/591871-2024
5,https://ted.europa.eu/en/notice/-/detail/591844-2024
5,https://ted.europa.eu/en/notice/-/detail/591822-2024
5,https://ted.europa.eu/en/notice/-/detail/591813-2024
5,https://ted.europa.eu/en/notice/-/detail/591812-2024
5,https://ted.europa.eu/en/notice/-/detail/591810-2024
5,https://ted.europa.eu/en/notice/-/detail/591796-2024
5,https://ted.europa.eu/en/notice/-/detail/591761-2024
5,https://ted.europa.eu/en/notice/-/detail/591750-2024
5,https://ted.europa.eu/en/notice/-/detail/591739-2024
5,https://ted.europa.eu/en/notice/-/detail/591707-2024
5,https://ted.europa.eu/en/notice/-/detail/591702-2024
5,https://ted.europa.eu/en/notice/-/detail/591699-2024
5,https://ted.europa.eu/en/notice/-/detail/591694-2024
5,https://ted.europa.eu/en/notice/-/detail/591686-2024
5,https://ted.europa.eu/en/notice/-/detail/591663-2024
5,https://ted.europa.eu/en/notice/-/detail/591648-2024
5,https://ted.europa.eu/en/notice/-/detail/591646-2024
5,https://ted.europa.eu/en/notice/-/detail/591635-2024
5,https://ted.europa.eu/en/notice/-/detail/591584-2024
5,https://ted.europa.eu/en/notice/-/detail/591563-2024
5,https://ted.europa.eu/en/notice/-/detail/591546-2024
5,https://ted.europa.eu/en/notice/-/detail/591508-2024
5,https://ted.europa.eu/en/notice/-/detail/591492-2024
5,https://ted.europa.eu/en/notice/-/detail/591451-2024
5,https://ted.europa.eu/en/notice/-/detail/591448-2024
5,https://ted.europa.eu/en/notice/-/detail/591434-2024
5,https://ted.europa.eu/en/notice/-/detail/591424-2024
5,https://ted.europa.eu/en/notice/-/detail/591419-2024
5,https://ted.europa.eu/en/notice/-/detail/591391-2024
5,https://ted.europa.eu/en/notice/-/detail/591385-2024
5,https://ted.europa.eu/en/notice/-/detail/591326-2024
5,https://ted.europa.eu/en/notice/-/detail/591282-2024
5,https://ted.europa.eu/en/notice/-/detail/591269-2024
5,https://ted.europa.eu/en/notice/-/detail/591265-2024
5,https://ted.europa.eu/en/notice/-/detail/591254-2024
5,https://ted.europa.eu/en/notice/-/detail/591222-2024
5,https://ted.europa.eu/en/notice/-/detail/591221-2024
5,https://ted.europa.eu/en/notice/-/detail/591219-2024
5,https://ted.europa.eu/en/notice/-/detail/591206-2024
5,https://ted.europa.eu/en/notice/-/detail/591189-2024
5,https://ted.europa.eu/en/notice/-/detail/591183-2024
5,https://ted.europa.eu/en/notice/-/detail/591159-2024
5,https://ted.europa.eu/en/notice/-/detail/591149-2024
5,https://ted.europa.eu/en/notice/-/detail/591137-2024
6,https://ted.europa.eu/en/notice/-/detail/591127-2024
6,https://ted.europa.eu/en/notice/-/detail/591108-2024
6,https://ted.europa.eu/en/notice/-/detail/591095-2024
6,https://ted.europa.eu/en/notice/-/detail/591070-2024
6,https://ted.europa.eu/en/notice/-/detail/591068-2024
6,https://ted.europa.eu/en/notice/-/detail/591067-2024
6,https://ted.europa.eu/en/notice/-/detail/591060-2024
6,https://ted.europa.eu/en/notice/-/detail/591045-2024
6,https://ted.europa.eu/en/notice/-/detail/591027-2024
6,https://ted.europa.eu/en/notice/-/detail/591021-2024
6,https://ted.europa.eu/en/notice/-/detail/590961-2024
6,https://ted.europa.eu/en/notice/-/detail/590928-2024
6,https://ted.europa.eu/en/notice/-/detail/590904-2024
6,https://ted.europa.eu/en/notice/-/detail/590869-2024
6,https://ted.europa.eu/en/notice/-/detail/590807-2024
6,https://ted.europa.eu/en/notice/-/detail/590801-2024
6,https://ted.europa.eu/en/notice/-/detail/590796-2024
6,https://ted.europa.eu/en/notice/-/detail/590791-2024
6,https://ted.europa.eu/en/notice/-/detail/590784-2024
6,https://ted.europa.eu/en/notice/-/detail/590779-2024
6,https://ted.europa.eu/en/notice/-/detail/590777-2024
6,https://ted.europa.eu/en/notice/-/detail/590767-2024
6,https://ted.europa.eu/en/notice/-/detail/590743-2024
6,https://ted.europa.eu/en/notice/-/detail/590717-2024
6,https://ted.europa.eu/en/notice/-/detail/590705-2024
6,https://ted.europa.eu/en/notice/-/detail/590702-2024
6,https://ted.europa.eu/en/notice/-/detail/590698-2024
6,https://ted.europa.eu/en/notice/-/detail/590677-2024
6,https://ted.europa.eu/en/notice/-/detail/590672-2024
6,https://ted.europa.eu/en/notice/-/detail/590666-2024
6,https://ted.europa.eu/en/notice/-/detail/590665-2024
6,https://ted.europa.eu/en/notice/-/detail/590655-2024
6,https://ted.europa.eu/en/notice/-/detail/590649-2024
6,https://ted.europa.eu/en/notice/-/detail/590606-2024
6,https://ted.europa.eu/en/notice/-/detail/590605-2024
6,https://ted.europa.eu/en/notice/-/detail/590599-2024
6,https://ted.europa.eu/en/notice/-/detail/590580-2024
6,https://ted.europa.eu/en/notice/-/detail/590563-2024
6,https://ted.europa.eu/en/notice/-/detail/590547-2024
6,https://ted.europa.eu/en/notice/-/detail/590539-2024
6,https://ted.europa.eu/en/notice/-/detail/590503-2024
6,https://ted.europa.eu/en/notice/-/detail/590502-2024
6,https://ted.europa.eu/en/notice/-/detail/590500-2024
6,https://ted.europa.eu/en/notice/-/detail/590476-2024
6,https://ted.europa.eu/en/notice/-/detail/590453-2024
6,https://ted.europa.eu/en/notice/-/detail/590447-2024
6,https://ted.europa.eu/en/notice/-/detail/590441-2024
6,https://ted.europa.eu/en/notice/-/detail/590418-2024
6,https://ted.europa.eu/en/notice/-/detail/590405-2024
6,https://ted.europa.eu/en/notice/-/detail/590382-2024
7,https://ted.europa.eu/en/notice/-/detail/590344-2024
7,https://ted.europa.eu/en/notice/-/detail/590334-2024
7,https://ted.europa.eu/en/notice/-/detail/590256-2024
7,https://ted.europa.eu/en/notice/-/detail/590245-2024
7,https://ted.europa.eu/en/notice/-/detail/590224-2024
7,https://ted.europa.eu/en/notice/-/detail/590211-2024
7,https://ted.europa.eu/en/notice/-/detail/590208-2024
7,https://ted.europa.eu/en/notice/-/detail/590164-2024
7,https://ted.europa.eu/en/notice/-/detail/590135-2024
7,https://ted.europa.eu/en/notice/-/detail/590133-2024
7,https://ted.europa.eu/en/notice/-/detail/590123-2024
7,https://ted.europa.eu/en/notice/-/detail/590104-2024
7,https://ted.europa.eu/en/notice/-/detail/590093-2024
7,https://ted.europa.eu/en/notice/-/detail/590083-2024
7,https://ted.europa.eu/en/notice/-/detail/590045-2024
7,https://ted.europa.eu/en/notice/-/detail/590041-2024
7,https://ted.europa.eu/en/notice/-/detail/589999-2024
7,https://ted.europa.eu/en/notice/-/detail/589994-2024
7,https://ted.europa.eu/en/notice/-/detail/589967-2024
7,https://ted.europa.eu/en/notice/-/detail/589961-2024
7,https://ted.europa.eu/en/notice/-/detail/589915-2024
7,https://ted.europa.eu/en/notice/-/detail/589911-2024
7,https://ted.europa.eu/en/notice/-/detail/589856-2024
7,https://ted.europa.eu/en/notice/-/detail/589837-2024
7,https://ted.europa.eu/en/notice/-/detail/589801-2024
7,https://ted.europa.eu/en/notice/-/detail/589796-2024
7,https://ted.europa.eu/en/notice/-/detail/589770-2024
7,https://ted.europa.eu/en/notice/-/detail/589758-2024
7,https://ted.europa.eu/en/notice/-/detail/589752-2024
7,https://ted.europa.eu/en/notice/-/detail/589744-2024
7,https://ted.europa.eu/en/notice/-/detail/589729-2024
7,https://ted.europa.eu/en/notice/-/detail/589725-2024
7,https://ted.europa.eu/en/notice/-/detail/589715-2024
7,https://ted.europa.eu/en/notice/-/detail/589700-2024
7,https://ted.europa.eu/en/notice/-/detail/589675-2024
7,https://ted.europa.eu/en/notice/-/detail/589638-2024
7,https://ted.europa.eu/en/notice/-/detail/589619-2024
7,https://ted.europa.eu/en/notice/-/detail/589606-2024
7,https://ted.europa.eu/en/notice/-/detail/589600-2024
7,https://ted.europa.eu/en/notice/-/detail/589593-2024
7,https://ted.europa.eu/en/notice/-/detail/589592-2024
7,https://ted.europa.eu/en/notice/-/detail/589588-2024
7,https://ted.europa.eu/en/notice/-/detail/589572-2024
7,https://ted.europa.eu/en/notice/-/detail/589524-2024
7,https://ted.europa.eu/en/notice/-/detail/589494-2024
7,https://ted.europa.eu/en/notice/-/detail/589480-2024
7,https://ted.europa.eu/en/notice/-/detail/589460-2024
7,https://ted.europa.eu/en/notice/-/detail/589416-2024
7,https://ted.europa.eu/en/notice/-/detail/589384-2024
7,https://ted.europa.eu/en/notice/-/detail/589383-2024
8,https://ted.europa.eu/en/notice/-/detail/589359-2024
8,https://ted.europa.eu/en/notice/-/detail/589338-2024
8,https://ted.europa.eu/en/notice/-/detail/589251-2024
8,https://ted.europa.eu/en/notice/-/detail/589250-2024
8,https://ted.europa.eu/en/notice/-/detail/589242-2024
8,https://ted.europa.eu/en/notice/-/detail/589239-2024
8,https://ted.europa.eu/en/notice/-/detail/589218-2024
8,https://ted.europa.eu/en/notice/-/detail/589211-2024
8,https://ted.europa.eu/en/notice/-/detail/589207-2024
8,https://ted.europa.eu/en/notice/-/detail/589195-2024
8,https://ted.europa.eu/en/notice/-/detail/589193-2024
8,https://ted.europa.eu/en/notice/-/detail/589185-2024
8,https://ted.europa.eu/en/notice/-/detail/589178-2024
8,https://ted.europa.eu/en/notice/-/detail/589162-2024
8,https://ted.europa.eu/en/notice/-/detail/589140-2024
8,https://ted.europa.eu/en/notice/-/detail/589129-2024
8,https://ted.europa.eu/en/notice/-/detail/589128-2024
8,https://ted.europa.eu/en/notice/-/detail/589118-2024
8,https://ted.europa.eu/en/notice/-/detail/589115-2024
8,https://ted.europa.eu/en/notice/-/detail/589112-2024
8,https://ted.europa.eu/en/notice/-/detail/589102-2024
8,https://ted.europa.eu/en/notice/-/detail/589090-2024
8,https://ted.europa.eu/en/notice/-/detail/589063-2024
8,https://ted.europa.eu/en/notice/-/detail/589052-2024
8,https://ted.europa.eu/en/notice/-/detail/589040-2024
8,https://ted.europa.eu/en/notice/-/detail/589016-2024
8,https://ted.europa.eu/en/notice/-/detail/589000-2024
8,https://ted.europa.eu/en/notice/-/detail/588996-2024
8,https://ted.europa.eu/en/notice/-/detail/588945-2024
8,https://ted.europa.eu/en/notice/-/detail/588936-2024
8,https://ted.europa.eu/en/notice/-/detail/588935-2024
8,https://ted.europa.eu/en/notice/-/detail/588905-2024
8,https://ted.europa.eu/en/notice/-/detail/588902-2024
8,https://ted.europa.eu/en/notice/-/detail/588861-2024
8,https://ted.europa.eu/en/notice/-/detail/588841-2024
8,https://ted.europa.eu/en/notice/-/detail/588839-2024
8,https://ted.europa.eu/en/notice/-/detail/588789-2024
8,https://ted.europa.eu/en/notice/-/detail/588765-2024
8,https://ted.europa.eu/en/notice/-/detail/588763-2024
8,https://ted.europa.eu/en/notice/-/detail/588761-2024
8,https://ted.europa.eu/en/notice/-/detail/588758-2024
8,https://ted.europa.eu/en/notice/-/detail/588749-2024
8,https://ted.europa.eu/en/notice/-/detail/588745-2024
8,https://ted.europa.eu/en/notice/-/detail/588717-2024
8,https://ted.europa.eu/en/notice/-/detail/588715-2024
8,https://ted.europa.eu/en/notice/-/detail/588699-2024
8,https://ted.europa.eu/en/notice/-/detail/588675-2024
8,https://ted.europa.eu/en/notice/-/detail/588673-2024
8,https://ted.europa.eu/en/notice/-/detail/588669-2024
8,https://ted.europa.eu/en/notice/-/detail/588663-2024
9,https://ted.europa.eu/en/notice/-/detail/588648-2024
9,https://ted.europa.eu/en/notice/-/detail/588645-2024
9,https://ted.europa.eu/en/notice/-/detail/588643-2024
9,https://ted.europa.eu/en/notice/-/detail/588632-2024
9,https://ted.europa.eu/en/notice/-/detail/588630-2024
9,https://ted.europa.eu/en/notice/-/detail/588622-2024
9,https://ted.europa.eu/en/notice/-/detail/588621-2024
9,https://ted.europa.eu/en/notice/-/detail/588619-2024
9,https://ted.europa.eu/en/notice/-/detail/588606-2024
9,https://ted.europa.eu/en/notice/-/detail/588597-2024
9,https://ted.europa.eu/en/notice/-/detail/588564-2024
9,https://ted.europa.eu/en/notice/-/detail/588555-2024
9,https://ted.europa.eu/en/notice/-/detail/588552-2024
9,https://ted.europa.eu/en/notice/-/detail/588520-2024
9,https://ted.europa.eu/en/notice/-/detail/588515-2024
9,https://ted.europa.eu/en/notice/-/detail/588511-2024
9,https://ted.europa.eu/en/notice/-/detail/588502-2024
9,https://ted.europa.eu/en/notice/-/detail/588491-2024
9,https://ted.europa.eu/en/notice/-/detail/588478-2024
9,https://ted.europa.eu/en/notice/-/detail/588444-2024
9,https://ted.europa.eu/en/notice/-/detail/588422-2024
9,https://ted.europa.eu/en/notice/-/detail/588420-2024
9,https://ted.europa.eu/en/notice/-/detail/588410-2024
9,https://ted.europa.eu/en/notice/-/detail/588401-2024
9,https://ted.europa.eu/en/notice/-/detail/588392-2024
9,https://ted.europa.eu/en/notice/-/detail/588389-2024
9,https://ted.europa.eu/en/notice/-/detail/588345-2024
9,https://ted.europa.eu/en/notice/-/detail/588320-2024
9,https://ted.europa.eu/en/notice/-/detail/588312-2024
9,https://ted.europa.eu/en/notice/-/detail/588306-2024
9,https://ted.europa.eu/en/notice/-/detail/588277-2024
9,https://ted.europa.eu/en/notice/-/detail/588236-2024
9,https://ted.europa.eu/en/notice/-/detail/588204-2024
9,https://ted.europa.eu/en/notice/-/detail/588198-2024
9,https://ted.europa.eu/en/notice/-/detail/588196-2024
9,https://ted.europa.eu/en/notice/-/detail/588182-2024
9,https://ted.europa.eu/en/notice/-/detail/588177-2024
9,https://ted.europa.eu/en/notice/-/detail/588173-2024
9,https://ted.europa.eu/en/notice/-/detail/588170-2024
9,https://ted.europa.eu/en/notice/-/detail/588162-2024
9,https://ted.europa.eu/en/notice/-/detail/588158-2024
9,https://ted.europa.eu/en/notice/-/detail/588152-2024
9,https://ted.europa.eu/en/notice/-/detail/588117-2024
9,https://ted.europa.eu/en/notice/-/detail/588116-2024
9,https://ted.europa.eu/en/notice/-/detail/588065-2024
9,https://ted.europa.eu/en/notice/-/detail/588047-2024
9,https://ted.europa.eu/en/notice/-/detail/588042-2024
9,https://ted.europa.eu/en/notice/-/detail/587995-2024
9,https://ted.europa.eu/en/notice/-/detail/587994-2024
9,https://ted.europa.eu/en/notice/-/detail/587991-2024
