,Supplier,GTIN,Name,Category,Brand,â‚¬ Price inc. shipping,Unit,Inventory,Product Link
0,N/A,3349668614592,Paco Rabanne Phantom Perfume 100ml,N/A,N/A,,,N/A,https://static.prod.qogita.com/files/images/variants/QfkfQk6VMpRfeKmNjutG4f.jpg
1,N/A,3349668614608,Paco Rabanne Phantom Perfume 150ml,N/A,N/A,,,N/A,https://static.prod.qogita.com/files/images/variants/Y87bC2zwQrDByjgcA66FbX.jpg
2,N/A,3607342837911,Calvin Klein Reveal 100 ml - Eau de Toilette - Men's perfume,N/A,N/A,,,N/A,https://static.prod.qogita.com/files/images/variants/iqRfMirBELMTdPLipa3uYF.jpg
3,N/A,3349668590452,Paco Rabanne 1 Million Perfume 100ml + Desodorante 150ml Vaporizador,N/A,N/A,,,N/A,https://static.prod.qogita.com/files/images/variants/NMphyyj7sYFFqWLfnZTqy4.jpg
4,N/A,3349668582594,Paco Rabanne Black XS EDT 100ml Men's Perfume,N/A,N/A,,,N/A,https://static.prod.qogita.com/files/images/variants/NHk8Htzhx9fSJCnxMsNyRk.jpg
5,N/A,3349668600304,Paco Rabanne 1 Million Elixir Intense Perfume Spray 100ml,N/A,N/A,,,N/A,https://static.prod.qogita.com/files/images/variants/Po2t236jze235AbcozG3o8.jpg
6,N/A,0088300139491,Calvin Klein Eternity Moment Eau de Parfum Spray 100ml Women's Perfume,N/A,N/A,,,N/A,https://static.prod.qogita.com/files/images/variants/fEh6veRcX3fr8UMLGxt5aE.jpg
7,N/A,8435137743896,Prada Les Infusions Vetiver Eau De Perfume Spray 100ml,N/A,N/A,,,N/A,https://static.prod.qogita.com/files/images/variants/iMZ3ssgCeWDjKRrqeJyJQa.jpg
8,N/A,3349668634958,Paco Rabanne 1 Million Re24 Perfume 100ml And Deodorant 150ml,N/A,N/A,,,N/A,https://static.prod.qogita.com/files/images/variants/SaejHf2hWnf5UUkCFXcJdG.jpg
9,N/A,3349668581931,Paco Rabanne One Million Perfume Spray For Men 100ml,N/A,N/A,,,N/A,https://static.prod.qogita.com/files/images/variants/RnsD3FYiTNkeU5oHDKo63Z.jpg
