Published At,Source,Headline,URL,Content
2024-09-24T11:41:41Z,Biztoc.com,Tesla Stock Poised For More Gains After Erasing Losses For The Year: What's Charging Up The EV Maker?,https://biztoc.com/x/f631ec951075b4a9,"Tesla, Inc. (NASDAQ:TSLA) is priming for more gains on Tuesday after the stock erased its losses for the year with a nearly 5% jump on Monday.The catalyst that is potentially offering support on Tues… [+137 chars]"
2024-09-24T11:34:30Z,Business Insider,"Mark Zuckerberg is now worth $200 billion, putting the Meta CEO in the world's most exclusive club",https://www.businessinsider.com/mark-zuckerberg-wealth-billionaires-net-worth-meta-ai-musk-bezos-2024-9,"Mark Zuckerberg is now worth $200 billion.Chris Unger/Zuffa/Getty Images
<ul><li>Mark Zuckerberg is one of only three people in the ultra-exclusive $200 billion club.</li><li>The Meta CEO has joined… [+2474 chars]"
2024-09-24T11:33:00Z,CNBC,5 things to know before the stock market opens Tuesday,https://www.cnbc.com/2024/09/24/5-things-to-know-before-the-stock-market-opens-tuesday.html,"Here are the most important news items that investors need to start their trading day:
1. Inching higher
U.S. stocks climbed again Monday as investors digest the Federal Reserve's major rate cut la… [+3459 chars]"
2024-09-24T11:28:48Z,Investopedia,5 Things to Know Before the Stock Market Opens,https://www.investopedia.com/5-things-to-know-before-the-stock-market-opens-september-24-2024-8716782,China issued a series of stimulus measures to boost its hard-hit economy and housing market; U.S. stock futures are little changed after the S&amp;P 500 and the Dow Jones Industrial Average closed Mo… [+2842 chars]
2024-09-24T11:13:10Z,Securityaffairs.com,Did Israel infiltrate Lebanese telecoms networks?,https://securityaffairs.com/168817/intelligence/did-israel-infiltrate-lebanese-telecoms-networks.html,"Did Israel infiltrate Lebanese telecoms networks?
 | Telegram will provide user data to law enforcement in response to legal requests
 | ESET fixed two privilege escalation flaws in its products
 … [+103143 chars]"
2024-09-24T11:12:00Z,GlobeNewswire,"ADAS LiDAR Industry Research Report 2024: Analysis By Vehicle Propulsion, Technology, Wavelength, Region 2020-2024 & 2025-2030",https://www.globenewswire.com/news-release/2024/09/24/2952032/28124/en/ADAS-LiDAR-Industry-Research-Report-2024-Analysis-By-Vehicle-Propulsion-Technology-Wavelength-Region-2020-2024-2025-2030.html,"Dublin, Sept. 24, 2024 (GLOBE NEWSWIRE) -- The ""Global ADAS LiDAR Market (2024 Edition): Analysis By Vehicle Propulsion (Electric and ICE), By Technology, By Wavelength, By Region, By Country: Market… [+8730 chars]"
2024-09-24T11:00:00Z,Forbes,"Renewables Are Soaring, But Not High Enough To Foil Climate Impact",https://www.forbes.com/sites/kensilverstein/2024/09/24/renewables-are-soaring-but-not-high-enough-to-foil-climate-impact/,"Wind turbines in the Serra de Rubio wind farm, operated by Acciona SA, in the Serra de Rubio ... [+] district of Catalonia, Spain, on Tuesday, Dec. 27, 2022. Spain aims to get almost three-quarters o… [+7691 chars]"
2024-09-24T10:45:35Z,Nakedcapitalism.com,China and Mexico Seek to Deepen Cooperation As Bilateral Trade Surges to Record Levels,https://www.nakedcapitalism.com/2024/09/beijing-and-mexico-focus-on-deepening-cooperation-as-bilateral-trade-surges-to-record-levels.html,"Amid rising diplomatic tensions with the US, Mexico’s diplomatic and economic relations with China appear to be going from strength to strength. 
Before we get to the meat of this story, a quick pri… [+23097 chars]"
2024-09-24T10:36:48Z,[Removed],[Removed],https://removed.com,[Removed]
2024-09-24T10:00:00Z,Computerworld,Is the rise of genAI about to create an energy crisis?,https://www.computerworld.com/article/3537112/is-the-rise-of-genai-about-to-create-an-energy-crisis.html,"In the report, the agency noted that electricity providers, data center customers, and other large customers had all expressed concerns about the ability to keep up with demand, and “almost uniformly… [+810 chars]"
2024-09-24T09:42:55Z,CNN,Over 400 economists and ex-officials endorse Kamala Harris | CNN Business,https://www.cnn.com/2024/09/24/business/kamala-harris-economy-endorsement/index.html,"More than 400 economists and former high-ranking US policymakers are endorsing Vice President Kamala Harris and her vision for the American economy, according to a document announcing the endorsement… [+4476 chars]"
2024-09-24T09:39:51Z,Fortune,Stocks rise as China announces economic stimulus package,https://fortune.com/2024/09/24/premarket-stock-futures-dow-sp500-nasdaq/,"Global markets rose in early trading today as China announced a stimulus program.<ul><li>S&amp;P 500 Futures: 5,702.50 up 1.09%</li><li>S&amp;P 500: 5,718.57 up 0.28%</li><li>Nasdaq Composite: 17,974… [+1324 chars]"
2024-09-24T09:27:07Z,Biztoc.com,These Stocks Are Moving the Most Today,https://biztoc.com/x/6ab86c1dc00ef6a1,"Tesla, Visa, Deere, Snowflake, AutoZone, and More
This story appeared on barrons.com, 2024-09-24."
2024-09-24T09:16:40Z,Autocar,Japanese firm shows high-tech SUV penned by Nissan GT-R designer,https://www.autocar.co.uk/car-news/new-cars/japanese-firm-shows-high-tech-suv-penned-nissan-gt-r-designer,"Japanese parts supplier THK will show a radical new electric car concept penned by Nissan GT-R designer Shiro Nakamura at the upcoming Paris motor show.
Named the LSR-05, it's a four-seat coupé-SUV … [+1659 chars]"
2024-09-24T09:00:44Z,Inman,Compass agent Matt Holm thrives along backbone of the US economy,https://www.inman.com/2024/09/24/compass-agent-matt-holm-thrives-along-backbone-of-the-us-economy/,"Whether its refining your business model, mastering new technologies, or discovering strategies to capitalize on the next market surge, Inman Connect New York will prepare you to take bold steps forw… [+8669 chars]"
2024-09-24T09:00:00Z,Fortune,Bernard Arnault plummets down the list of world’s richest men after a $54 billion collapse,https://fortune.com/2024/09/24/bernard-arnault-richest-man/,"As long as Im not the richest man in the world, I wont really be happy, Bernard Arnault once said.The day has come. Arnault, the founder and CEO of luxury goods conglomerate LVMH, went from being the… [+3135 chars]"
2024-09-24T09:00:00Z,Yahoo Entertainment,Bernard Arnault plummets down the list of world’s richest men after a $54 billion collapse,https://finance.yahoo.com/news/bernard-arnault-plummets-down-list-090000901.html/,"As long as Im not the richest man in the world, I wont really be happy, Bernard Arnault once said.
The day has come. Arnault, the founder and CEO of luxury goods conglomerate LVMH, went from being t… [+2514 chars]"
2024-09-24T08:32:45Z,Citizen.digital,MADE IN KENYA: University lecturer making electric batteries for e-vehicles,https://www.citizen.digital/business/made-in-kenya-university-lecturer-making-electric-batteries-for-e-vehicles-n350078,"With the number of electric vehicles on Kenyan roads growing annually, the challenge for owners has been how to maintain and service the electric batteries. This is what pushed Professor Geoffrey Git… [+1953 chars]"
2024-09-24T08:31:14Z,Biztoc.com,Elon Musk Cries Foul Over Governments' Preferential Treatment For Rival Companies: 'Success Of SpaceX/Tesla Is In Spite Of Competitor Subsidies',https://biztoc.com/x/e93a3271148619b8,"Elon Musk, who has been very vocal about governments unfair treatment meted out to his business ventures, vented out his frustration yet again on Monday.What Happened: The trigger for another outburs… [+135 chars]"
2024-09-24T08:26:00Z,Yahoo Entertainment,"Warren Buffett Owns 1 Vanguard ETF That Could Soar 163%, According to a Top Wall Street Analyst",https://finance.yahoo.com/news/warren-buffett-owns-1-vanguard-082600835.html/,"Warren Buffett, CEO of Berkshire Hathaway, oversees a portfolio of 45 publicly traded stocks and securities worth $315 billion, in addition to a $277 billion cash pile and numerous private, wholly ow… [+7173 chars]"
2024-09-24T08:02:00Z,Valetmag.com,The Morning Report 9/24,https://www.valetmag.com/morning-report/092424.php,"3
Cars
The original Tesla Roadster is almost forgotten, but it might also be a future classic—because it changed automotive history.
By"
2024-09-24T07:54:52Z,Protothema.gr,"Global Citizen 2024: Mitsotakis’ award, Bourla’s praise and Musk’s compliment to Meloni – Watch video",https://en.protothema.gr/2024/09/24/global-citizen-2024-mitsotakis-award-bourlas-praise-and-musks-compliment-to-meloni-watch-video/,"The Greek Prime Minister, Kyriakos Mitsotakis, has been chosen by the Atlantic Council to be named this year as one of its Global Citizens for 2024. Joining Mitsotakis in receiving Global Citizen Awa… [+10749 chars]"
2024-09-24T07:13:41Z,Business Standard,"Price war puts China's auto industry in reverse, weak demand stalls profits",https://www.business-standard.com/world-news/price-war-puts-china-s-auto-industry-in-reverse-weak-demand-stalls-profits-124092400414_1.html,"The mounting losses have created severe cash flow issues for car dealerships in China, who are struggling to sell large inventories of unsold vehicles
Representational image. Photo: Shutterstock
Ab… [+3586 chars]"
2024-09-24T07:12:15Z,Slashdot.org,Tesla stock surges amid buzz over Q3 earnings and ‘robotaxi day’ - Fortune,https://slashdot.org/firehose.pl?op=view&amp;id=175119777,Check out the new Slashdot job board to browse remote jobs or jobs in your areaDo you develop on GitHub? You can keep using GitHub but automatically sync your GitHub releases to SourceForge quickly a… [+228 chars]
2024-09-24T07:10:42Z,Globalsecurity.org,Serbian Mercenary: Russia's War In Ukraine Built On Lies And Death,https://www.globalsecurity.org/wmd/library/news/ukraine/2024/09/ukraine-240923-rferl02.htm,"By Mark Krutov, Milos Katic and Maja Zivanovic September 23, 2024
When Dragan and a group of fellow Serbs arrived at Belgrade's Nikola Tesla Airport in June 2023, it was with documents testifying to… [+13389 chars]"
2024-09-24T06:54:06Z,Securityaffairs.com,Telegram will provide user data to law enforcement in response to legal requests,https://securityaffairs.com/168803/mobile-2/telegram-will-provide-user-data-to-law-enforcement.html,"Telegram will provide user data to law enforcement in response to legal requests
 | ESET fixed two privilege escalation flaws in its products
 | North Korea-linked APT Gleaming Pisces deliver new P… [+103089 chars]"
2024-09-24T06:31:55Z,[Removed],[Removed],https://removed.com,[Removed]
2024-09-24T05:52:45Z,POLITICO.eu,‘Precious genius’ Elon Musk love-bombs ‘beautiful’ Giorgia Meloni at think tank awards,https://www.politico.eu/article/precious-genius-elon-musk-love-bombs-beautiful-giorgia-meloni-global-citizens-award-un/,"Musk, a maverick tech mogul who has riled regulators on both sides of the Atlantic and thrown his support behind Donald Trump in the upcoming U.S. presidential election, introduced Meloni in glowing … [+1371 chars]"
2024-09-24T05:50:19Z,CounterPunch,“Post Growth”—Why and How?,https://www.counterpunch.org/2024/09/24/post-growth-why-and-how/,"Image by Getty and Unsplash+.
People against destroying our planetary home often favor No Growthsteady as she goesor even the rhetorically catchier DeGrowthshrink baby shrink. Their pro-growth oppon… [+19626 chars]"
2024-09-24T05:44:00Z,Business Standard,US stocks close higher; Dow and S&P 500 post record highs,https://www.business-standard.com/markets/capital-market-news/us-stocks-close-higher-dow-and-s-p-500-post-record-highs-124092400314_1.html,"US equities closed higher on Monday and the Dow and S&amp;P 500 posted record highs. The Dow ended up by 61.29 points or 0.15 percent at 42,124.65. The S&amp;P 500 closed up 16.02 points or 0.28 perc… [+1580 chars]"
2024-09-24T05:00:00Z,Wattsupwiththat.com,If You Want an Investment Portfolio Full of Dog Stocks Try Filling it With Renewable and Green Punts,https://wattsupwiththat.com/2024/09/23/if-you-want-an-investment-portfolio-full-of-dog-stocks-try-filling-it-with-renewable-and-green-punts/,"From THE DAILY SCEPTIC
by Chris Morrison
Many renewable energy stocks are dog shares to be avoided at all costs by investors seeking a reasonable rate of investment return. Perhaps not the advice y… [+6025 chars]"
2024-09-24T04:49:37Z,TechRadar,"Citing security concerns, the US is now looking to ban Chinese and Russian-made vehicles",https://www.techradar.com/vehicle-tech/hybrid-electric-vehicles/citing-security-concerns-the-us-is-now-looking-to-ban-chinese-and-russian-made-vehicles,Electric vehicles made in China could be banned in the US from 2027 if a proposed new rule is passed. The US Bureau of Industry and Security (BIS) has published a Notice of Proposed Rulemaking that w… [+4462 chars]
2024-09-24T04:21:07Z,Biztoc.com,Tesla Stock Wipes Out 2024 Losses—Again. What Lifted the Shares,https://biztoc.com/x/aa1a23b5f2b6d15b,Tesla Stock Wipes Out 2024 LossesAgain. What Lifted the Shares. Barron'sTesla stock pops amid bullish sales forecast as robotaxi unveiling looms Yahoo FinanceTesla Stock Pops 5% To 2-Month High As Q3… [+139 chars]
2024-09-24T03:58:54Z,CleanTechnica,Polestar 3 SUV — First Drive,https://cleantechnica.com/2024/09/23/polestar-3-suv-first-drive/,"Sign up for daily news updates from CleanTechnica on email. Or follow us on Google News!
Last week, I got to drive the new Polestar 3 SUV about 85 miles through the mountains of Wyoming and Idaho, a… [+6884 chars]"
2024-09-24T03:54:56Z,Chinadigitaltimes.net,U.S. Plans to Ban Chinese Tech in Connected and Driverless Vehicles,https://chinadigitaltimes.net/2024/09/u-s-plans-to-ban-chinese-tech-in-connected-and-driverless-vehicles/,"On Monday, the U.S. Department of Commerce proposed rules to ban Chinese technology from internet-connected vehicles in the U.S. The plan was unveiled by the departments Bureau of Industry and Securi… [+6163 chars]"
2024-09-24T03:47:04Z,WebProNews,"Amazon, ExxonMobil, Meta, Tesla, Others Labeled ‘Underminers of Democracy’",https://www.webpronews.com/amazon-exxonmobil-meta-tesla-others-labeled-underminers-of-democracy/,"A report by the International Trade Union Confederation (ITUC) is calling out some of the world’s biggest companies, saying they undermine democracy worldwide.
The ITUC says its mission is “the prom… [+10852 chars]"
2024-09-24T03:47:04Z,WebProNews,"Amazon, ExxonMobile, Meta, Tesla, Others Labeled ‘Underminers of Democracy’",https://www.webpronews.com/amazon-exxonmobile-meta-tesla-others-labeled-underminers-of-democracy/,"A report by the International Trade Union Confederation (ITUC) is calling out some of the world’s biggest companies, saying they undermine democracy worldwide.
The ITUC says its mission is “the prom… [+10654 chars]"
2024-09-24T03:43:48Z,CleanTechnica,"Regarding FSD & Robotaxis, I Don’t Think Elon Musk Has Been “Lying” For A Decade",https://cleantechnica.com/2024/09/23/regarding-fsd-robotaxis-i-dont-think-elon-musk-has-been-lying-for-a-decade/,"Sign up for daily news updates from CleanTechnica on email. Or follow us on Google News!
I’ve seen this claim countless times, and I understand where it’s coming from, but I don’t believe it. I norm… [+6433 chars]"
2024-09-24T03:36:03Z,seattlepi.com,Stock market today: Asian shares gain as China eases rates to aid property industry,https://www.seattlepi.com/business/article/stock-market-today-asian-shares-gain-as-china-19787911.php,"The flag of Argentina flies on the front of the New York Stock Exchange where Argentine President Javier Milei will ring the opening bell on Monday, Sept. 23, 2024, in New York.Peter Morgan/AP
A per… [+5171 chars]"
2024-09-24T03:34:27Z,ABC News,Stock market today: Asian shares gain as China eases rates to aid property industry,https://abcnews.go.com/US/wireStory/stock-market-today-asian-shares-gain-china-eases-113948654,"Asian shares advanced Tuesday, with Chinese markets logging the biggest gains after the central bank announced a slew of measures to support the economy. 
Shares in Hong Kong jumped 2%. U.S. futures… [+3888 chars]"
2024-09-24T03:22:01Z,[Removed],[Removed],https://removed.com,[Removed]
2024-09-24T03:16:50Z,New Atlas,500-mile camper bus looks to blow open electrified RVing in USA,https://newatlas.com/automotive/thor-500-mile-phev-rv/,"With recent premieres like the Grounded G2, Tesla Cybertruck Camp365 and VW ID. Buzz Peace mini-camper, the American market has been slowly catching up with Europe on the all-electric RV front. But i… [+4513 chars]"
2024-09-24T03:08:00Z,Digitimes,"German automotives face bleak challenge with BMW's major recall, VW to close factories",https://www.digitimes.com/news/a20240920PD210/bmw-sales-recall-automotive-byd.html,"With China's electric vehicles (EVs) gaining a strong foothold and automotive sales in the European Union (EU) slowing down, traditional large Germany-based automotive manufacturers are facing an inc… [+3773 chars]"
2024-09-24T03:00:00Z,The Star Online,Could electric car batteries outlast the vehicles themselves?,https://www.thestar.com.my/tech/tech-news/2024/09/24/could-electric-car-batteries-outlast-the-vehicles-themselves,"When making the switch to an electric vehicle (EV), many motorists worry about whether their cars battery will retain its full capacity over time, and whether it will need to be replaced after five o… [+1498 chars]"
2024-09-24T02:38:23Z,Investopedia,What's Next For Tesla's Stock Price After Monday's 5% Surge?,https://www.investopedia.com/what-next-for-tesla-stock-price-after-monday-surge-ev-8717205,"<ul><li>Tesla shares jumped nearly 5% on Monday to move back into the green for the year after several analysts highlighted possible catalysts, including the potential for better-than-expected third-… [+3269 chars]"
2024-09-24T02:19:38Z,[Removed],[Removed],https://removed.com,[Removed]
2024-09-24T02:10:00Z,Slashdot.org,$1 Billion Solar and Battery Storage Project Breaks Ground In Utah,https://hardware.slashdot.org/story/24/09/23/2327225/1-billion-solar-and-battery-storage-project-breaks-ground-in-utah,Check out the new Slashdot job board to browse remote jobs or jobs in your areaDo you develop on GitHub? You can keep using GitHub but automatically sync your GitHub releases to SourceForge quickly a… [+228 chars]
2024-09-24T01:34:39Z,The Times of India,Wall St ends slightly higher after Fed policymakers back rate cuts,https://economictimes.indiatimes.com/markets/stocks/news/wall-st-ends-slightly-higher-after-fed-policymakers-back-rate-cuts/articleshow/113614441.cms,U.S. stocks closed modestly higher on Monday as investors assessed whether a trend will develop in the week following the Federal Reserve's rate cut.The gains came amid comments from Fed policymakers… [+2795 chars]
2024-09-24T00:59:46Z,Biztoc.com,Tesla stock jumps as Barclays issues bullish delivery forecast,https://biztoc.com/x/cec3e989ce5aec62,"Tesla stock jumps as Barclays issues bullish delivery forecast Yahoo FinanceView Full Coverage on Google News
This story appeared on news.google.com, 2024-09-24."
2024-09-24T00:48:24Z,Biztoc.com,Meet the New S&P 500 Stock That's Soared 100% This Year,https://biztoc.com/x/fc3bfe01bc4bd2b7,Meet the New S&amp;P 500 Stock That's Soared 100% This Year The Motley FoolDow Jones Up As Palantir Pops Amid Move; Elon Musk Makes This Boast As Tesla Soars (Live Coverage) Investor's Business Daily… [+141 chars]
2024-09-24T00:33:13Z,Slashdot.org,Tesla's stock is leading S&P 500 gainers on optimism for delivery report - MarketWatch,https://slashdot.org/firehose.pl?op=view&amp;id=175118013,Check out the new Slashdot job board to browse remote jobs or jobs in your areaDo you develop on GitHub? You can keep using GitHub but automatically sync your GitHub releases to SourceForge quickly a… [+228 chars]
2024-09-24T00:26:10Z,Biztoc.com,Tesla's stock is leading S&P 500 gainers on optimism for delivery report,https://biztoc.com/x/06d0758539996720,Tesla's stock is leading S&amp;P 500 gainers on optimism for delivery report MarketWatchTesla stock pops amid bullish sales forecast as robotaxi unveiling looms Yahoo FinanceTesla Stock Pops 5% To 2-… [+134 chars]
2024-09-23T23:40:49Z,Biztoc.com,Mercedes latest tech is ahead of Tesla in one key area,https://biztoc.com/x/fb23905883b215f5,German automaker Mercedes-Benz (MBGAF) has edged Elon Musk's Tesla (TSLA) in technology at the core of the latter's technological ethos. The three-pointed star was the first automaker to offer Societ… [+128 chars]
2024-09-23T23:12:08Z,Futurism,Godfather of AI Says Elon Musk Is Lying About Self-Driving Teslas,https://futurism.com/the-byte/yann-lecun-elon-musk-lying-fsd,"""I don't hate Elon. I hate his lies.""
Car Wars
One of the pioneers of artificial intelligence is throwing major shade on Elon Musk's years of broken promises about self-driving Teslas.
Yann LeCun,… [+2083 chars]"
2024-09-23T23:08:02Z,Next Big Future,Tesla FSD 12.5.4 Able to Track Driver Attention Even With Sunglasses,https://www.nextbigfuture.com/2024/09/tesla-fsd-12-5-4-able-to-track-driver-attention-even-with-sunglasses.html,Brian Wang is a Futurist Thought Leader and a popular Science blogger with 1 million readers per month. His blog Nextbigfuture.com is ranked #1 Science News Blog. It covers many disruptive technology… [+593 chars]
2024-09-23T22:50:00Z,Slashdot.org,"Amazon, Tesla, Meta Considered Harmful To Democracy",https://news.slashdot.org/story/24/09/23/2054216/amazon-tesla-meta-considered-harmful-to-democracy,"Amazon, Meta, and Tesla were named by the International Trade Union Confederation (ITUC) as some of the worst corporate underminers of democracy . These companies were accused of union busting, monop… [+2586 chars]"
2024-09-23T22:42:28Z,Electrek,"Cheap Robotaxi, Ford and Kia spark interest, and Volvo overtakes Tesla",http://electrek.co/2024/09/23/cheap-robotaxi-ford-and-kia-spark-interest-and-volvo-overtakes-tesla/,"On todays exciting episode of Quick Charge, Elon thinks his Robotaxi will be cheaper to ride than the bus, but he’s got bigger fish to fry as Volvo overtakes Tesla in Europe and the Republicans try t… [+943 chars]"
2024-09-23T22:22:12Z,Biztoc.com,"Tesla Stock Pops 5% To 2-Month High As Q3 Deliveries, Robotaxi Event Await",https://biztoc.com/x/0bf6817b4464e6d2,"Tesla Stock Pops 5% To 2-Month High As Q3 Deliveries, Robotaxi Event Await ForbesTesla stock pops amid bullish sales forecast as robotaxi unveiling looms Yahoo FinanceTesla Stock Wipes Out 2024 Losse… [+136 chars]"
2024-09-23T21:53:35Z,Slashdot.org,Tesla stock pops amid bullish sales forecast as robotaxi unveiling looms - Yahoo Finance,https://slashdot.org/firehose.pl?op=view&amp;id=175115041,Check out the new Slashdot job board to browse remote jobs or jobs in your areaDo you develop on GitHub? You can keep using GitHub but automatically sync your GitHub releases to SourceForge quickly a… [+228 chars]
2024-09-23T21:49:15Z,Biztoc.com,"Tesla Leads S&P 500 Index, While Biotech Giant Tumbles On Court Ruling",https://biztoc.com/x/39394582fb94cdf0,This may happen as a result of the following:- Javascript is disabled or blocked by an extension (ad blockers for example)- Your browser does not support cookiesReference ID: #a2cbc9b5-79f5-11ef-91c0… [+121 chars]
2024-09-23T21:47:00Z,GlobeNewswire,Toll Brothers Announces National Partnership with Sunrun to Provide Solar Power and Storage to Toll Brothers Homes,https://www.globenewswire.com/news-release/2024/09/23/2951788/1924/en/Toll-Brothers-Announces-National-Partnership-with-Sunrun-to-Provide-Solar-Power-and-Storage-to-Toll-Brothers-Homes.html,"FORT WASHINGTON, Pa., Sept. 23, 2024 (GLOBE NEWSWIRE) -- Toll Brothers, Inc. (NYSE: TOL), the nations leading builder of luxury homes, and Sunrun Inc., Americas #1 home solar and storage provider, to… [+10067 chars]"
2024-09-23T21:30:27Z,Investopedia,S&P 500 Gains and Losses Today: Tesla Stock Jumps as Analysts Highlight Catalysts,https://www.investopedia.com/s-and-p-500-gains-and-losses-today-8716800,"<ul><li>The S&amp;P 500 added 0.3% on Monday, Sept. 23, 2024, notching a record close as positivity from last Wednesday's interest-rate cut carried over into the new week.</li><li>Tesla shares drove … [+3070 chars]"
2024-09-23T21:22:33Z,Investopedia,Why Tesla's Stock Popped 5% Today,https://www.investopedia.com/why-tesla-stock-popped-5-percent-today-robotaxi-8716924,<ul><li>Tesla shares popped nearly 5% Monday as analysts highlighted several potential positive catalysts for the stock.</li><li>Barclays analysts said Tesla could outperform delivery estimates for t… [+1879 chars]
2024-09-23T21:21:58Z,The Straits Times,Wall Street ends slightly higher after Fed policymakers back rate cuts,https://www.straitstimes.com/business/companies-markets/wall-street-ends-slightly-higher-after-fed-policymakers-back-rate-cuts,"NEW YORK - US stocks closed modestly higher on Sept 23 as investors assessed whether a trend will develop in the week following the Federal Reserves rate cut.
The gains came amid comments from Fed p… [+2833 chars]"
2024-09-23T21:14:42Z,ETF Daily News,Tesla (NASDAQ:TSLA) Shares Up 3.7%,https://www.etfdailynews.com/2024/09/23/tesla-nasdaqtsla-shares-up-3-7/,"Tesla, Inc. (NASDAQ:TSLA – Get Free Report)’s stock price traded up 3.7% during mid-day trading on Monday . The company traded as high as $248.48 and last traded at $247.18. 30,575,611 shares changed… [+6085 chars]"
2024-09-23T21:00:34Z,[Removed],[Removed],https://removed.com,[Removed]
2024-09-23T20:55:21Z,Electrek,A $1 billion solar + battery storage project just broke ground in Utah,http://electrek.co/2024/09/23/a-1-billion-solar-battery-storage-project-just-broke-ground-in-utah/,"Renewables developer rPlus Energies has broken ground on one of the largest solar + battery storage projects in the US, in east-central Utah.
The Green River Energy Center in Emery County, Utah, is … [+1873 chars]"
2024-09-23T20:40:43Z,ETF Daily News,"415 Shares in Tesla, Inc. (NASDAQ:TSLA) Purchased by Cyrus J. Lawrence LLC",https://www.etfdailynews.com/2024/09/23/415-shares-in-tesla-inc-nasdaqtsla-purchased-by-cyrus-j-lawrence-llc/,"Cyrus J. Lawrence LLC bought a new stake in shares of Tesla, Inc. (NASDAQ:TSLA – Free Report) during the 2nd quarter, according to the company in its most recent disclosure with the SEC. The fund bou… [+6383 chars]"
2024-09-23T20:40:30Z,Gizmodo.com,Elon Musk Is Feuding With a Billionaire Over a California Beach,https://gizmodo.com/elon-musk-is-feuding-with-a-billionaire-over-a-california-beach-2000502161,"Professional troll Elon Musk usually leverages his shitposting prowess toward rather stupid, rightwing ends but, once in great awhile, he actually puts his trollish powers to good use. Such was the c… [+2648 chars]"
2024-09-23T20:31:54Z,Investing.com,U.S. stocks higher at close of trade; Dow Jones Industrial Average up 0.15%,https://www.investing.com/news/stock-market-news/us-stocks-higher-at-close-of-trade-dow-jones-industrial-average-up-015-3628680,"Investing.com U.S. stocks were higher after the close on Monday, as gains in the Oil &amp; Gas, Consumer Goods and Basic Materials sectors led shares higher.
At the close in NYSE, the Dow Jones Indu… [+2929 chars]"
2024-09-23T20:30:48Z,Biztoc.com,Tesla stock pops amid bullish sales forecast as robotaxi unveiling looms,https://biztoc.com/x/220057dbd30c1b6d,Tesla stock pops amid bullish sales forecast as robotaxi unveiling looms Yahoo FinanceTesla's stock is leading S&amp;P 500 gainers on optimism for delivery report MarketWatchTesla Stock Pops 5% To 2-… [+138 chars]
2024-09-23T20:30:23Z,Biztoc.com,"Amazon, Tesla, Meta considered harmful to democracy",https://biztoc.com/x/6f86dee7532d3cb4,"Amazon, Tesla, Meta considered harmful to democracyExploiting workers, undermining public services, exacerbating climate crisis, ITUC saysAmazon, Meta, and Tesla have earned the rather dubious honor … [+134 chars]"
2024-09-23T20:30:09Z,Newser,Trump Media Drops Another 10.3%,https://www.newser.com/story/356750/dow-sp-500-rise-to-new-records.html,"Tesla led the way with a gain of 4.9%. The maker of electric vehicles has clawed back all its sharp losses from earlier in the year. It was down as much as 42% at one point in April, when it was cutt… [+1203 chars]"
2024-09-23T20:25:12Z,Theregister.com,"Amazon, Tesla, Meta considered harmful to democracy",https://www.theregister.com/2024/09/23/amazon_tesla_meta_democracy/,"Amazon, Meta, and Tesla have earned the rather dubious honor of being named some of the worst corporate underminers of democracy by the world's largest trade union federation. 
The International Tra… [+5353 chars]"
2024-09-23T20:07:48Z,Investor's Business Daily,Dow Jones Up As Palantir Pops Amid Move; Elon Musk Makes This Boast As Tesla Soars (Live Coverage),https://www.investors.com/market-trend/stock-market-today/dow-jones-nasdaq-sp500-intel-palantir-mike-johnson/,The Dow Jones Industrial Average moved higher Monday as Intel (INTC) and Boeing (BA) popped. Palantir Technologies (PLTR) rallied on the stock market today as it joined the S&amp;P 500. And Federal R… [+12237 chars]
2024-09-23T20:03:03Z,Forbes,"Tesla Stock Pops 5% To 2-Month High As Q3 Deliveries, Robotaxi Event Await",https://www.forbes.com/sites/dereksaul/2024/09/23/tesla-stock-pops-5-to-2-month-high-as-q3-deliveries-robotaxi-event-await/,"Tesla stock rose to its highest level in two months Monday, as investor hype builds heading into a trio of crucial October events for the electric vehicle behemoth, though not all on Wall Street are … [+3024 chars]"
2024-09-23T19:30:51Z,ETF Daily News,"Public Sector Pension Investment Board Has $41.18 Million Holdings in Tesla, Inc. (NASDAQ:TSLA)",https://www.etfdailynews.com/2024/09/23/public-sector-pension-investment-board-has-41-18-million-holdings-in-tesla-inc-nasdaqtsla/,"Public Sector Pension Investment Board grew its position in Tesla, Inc. (NASDAQ:TSLA – Free Report) by 315.3% during the second quarter, according to the company in its most recent 13F filing with th… [+6304 chars]"
2024-09-23T19:30:41Z,Observer,Uber Is Going Electric Fast—But Its CEO Says It’s Not Enough to Hit Climate Goals,https://observer.com/2024/09/uber-ceo-dara-khosrowshahi-ev-strategy/,"Uber’s Dara Khosrowshahi says the company is making progress on its EV strategy. Aaron Chown/PA Images via Getty Images
Four years ago, Uber (UBER) made a pledge to globally transition all its vehic… [+2975 chars]"
2024-09-23T19:22:03Z,Knowyourmeme.com,Seattle Cybertruck / CyberStuck,https://knowyourmeme.com/memes/seattle-cybertruck-cyberstuck,"About
The Seattle Cybertruck, also known as the CyberStuck, refers to an abandoned broken Tesla Cybertruck in Seattle, Washington that was humorously listed as a tourist attraction on Google Maps in… [+501 chars]"
2024-09-23T19:11:42Z,Biztoc.com,Tesla (NASDAQ:TSLA) Trading Up 3.7%,https://biztoc.com/x/36ff7014ae80cf75,"Tesla, Inc. (NASDAQ:TSLA - Get Free Report)'s share price rose 3.7% during trading on Monday . The company traded as high as $248.48 and last traded at $247.18. Approximately 30,575,611 shares traded… [+134 chars]"
2024-09-23T19:02:19Z,Hip-Hop Wired,Cards Against Humanity Claims Elon Musk’s SpaceX Has Destroyed Some of Its Property Ni New Lawsuit,https://hiphopwired.com/2398740/cards-against-humanity-elon-musk-space-x-lawsuit/,"HipHopWired Featured Video
Source: The Washington Post / Getty / Cards Against Humanity
Bootleg Tony Stark, aka Elon Musk, pockets could take a hit thanks to a new lawsuit.
The Tesla chief, SpaceX… [+1802 chars]"
2024-09-23T19:00:29Z,KQED,Critics Slam Weakened California Lemon Car Law After Secret Lobbyist Negotiations,https://www.kqed.org/news/12005909/critics-slam-weakened-california-lemon-car-law-after-secret-lobbyist-negotiations,"“They dropped this in our lap, and they expect us to buy an argument related to the urgency that feels, to be honest, not real. And we’re supposed to move this in a week’s time.”
The bill seeks to a… [+9416 chars]"
2024-09-23T18:59:28Z,CryptoGlobe,"Tesla and SpaceX CEO Elon Musk on Free Speech, Innovation, and the Regulatory Roadblocks to Progress",https://www.cryptoglobe.com/latest/2024/09/tesla-and-spacex-ceo-elon-musk-on-free-speech-innovation-and-the-regulatory-roadblocks-to-progress/,"At the recent All-In Summit 2024, Elon Musk, CEO of Tesla and SpaceX, touched on a wide range of topics, including free speech, regulation, and his views on government efficiency. Musk began by addre… [+3499 chars]"
2024-09-23T18:59:15Z,Biztoc.com,Analyst shifts General Motors stock price target on earnings data,https://biztoc.com/x/ae1a937e012465e3,"If you look at the numbers, the good times have never been so good for General Motors (GM) .Shares of the country's largest automaker by sales are up 31% year to date and the stock has climbed nearly… [+132 chars]"
2024-09-23T18:48:43Z,The Irish Times,Germany’s SPD benefits from keeping Olaf Scholz in background,https://www.irishtimes.com/world/europe/2024/09/23/germanys-spd-benefits-from-keeping-olaf-scholz-in-background/,"Germanys next scheduled federal election exactly a year away was supposed to tell the ruling Social Democratic Party (SPD) whether it could secure re-election with or in spite of Olaf Scholz.
On Mon… [+3862 chars]"
2024-09-23T18:44:22Z,Breitbart News,Reports: Argentina's Javier Milei to Condemn 'Pro-China' U.N. at General Assembly,https://www.breitbart.com/latin-america/2024/09/23/reports-argentinas-javier-milei-to-condemn-pro-china-u-n-at-general-assembly/,"President of Argentina Javier Milei arrived in New York in the late evening hours of Saturday for a brief visit to the United States in anticipation of addressing the United Nations General Assembly,… [+5049 chars]"
2024-09-23T18:43:01Z,Adweek,OpenAI Nears Largest VC Fundraising Round of All Time at $6.5B,https://www.adweek.com/media/openai-largest-vc-fundraising-round/,"The artificial intelligence hype train continues to steam down the tracks, as Bloomberg reported that the largest venture capital fundraising round of all timefor none other than OpenAIis on the verg… [+3342 chars]"
2024-09-23T18:42:30Z,Autoblog,Tesla’s EV boom overshadowed by alarming production bottlenecks,https://www.autoblog.com/news/teslas-ev-boom-overshadowed-by-alarming-production-bottlenecks,"Over 5,000 reasons to celebrate
If you’re a fan of Elon Musk’s automotive brainchild start-up turned innovative behemoth, this summer has its fair share of good news. In the month of July alone, Aut… [+7748 chars]"
2024-09-23T18:40:06Z,CNBC,"Modelo maker Constellation Brands jumps, and the S&P 500 eyes another record close",https://www.cnbc.com/2024/09/23/modelo-maker-constellation-brands-jumps-and-the-sp-500-eyes-another-record-close.html,"Every weekday, the CNBC Investing Club with Jim Cramer releases the Homestretch an actionable afternoon update, just in time for the last hour of trading on Wall Street. Markets: Stocks rose Monday b… [+3236 chars]"
2024-09-23T18:37:34Z,The Irish Times,European shares end higher as markets bet on more ECB policy easing,https://www.irishtimes.com/business/2024/09/23/european-shares-end-higher-as-markets-bet-on-more-ecb-policy-easing/,"European shares closed higher on Monday as a soft business activity reading strengthened the case for more monetary policy easing by the European Central Bank this year, with rate-sensitive sectors s… [+5389 chars]"
2024-09-23T18:25:50Z,Biztoc.com,Barclays & Goldman Analysts Share Tesla Vehicle Delivery Estimates With Clients,https://biztoc.com/x/d7d6b83dbf66d3c1,"Barclays &amp; Goldman Analysts Share Tesla Vehicle Delivery Estimates With Clients
Tesla shares are up 4% in New York, reaching their highest intra-day levels in months, as Wall Street analysts kic… [+140 chars]"
2024-09-23T18:23:36Z,ETF Daily News,"Tesla, Inc. (NASDAQ:TSLA) Holdings Raised by Morse Asset Management Inc",https://www.etfdailynews.com/2024/09/23/tesla-inc-nasdaqtsla-holdings-raised-by-morse-asset-management-inc/,"Morse Asset Management Inc increased its stake in Tesla, Inc. (NASDAQ:TSLA – Free Report) by 138.1% during the second quarter, according to its most recent 13F filing with the Securities and Exchange… [+6492 chars]"
2024-09-23T18:22:03Z,Newsweek,Elon Musk To Give Nationalist NATO Leader a Global Citizenship Award,https://www.newsweek.com/elon-musk-give-nationalist-nato-leader-global-citizenship-award-1957911,"Elon Musk is set to introduce the Italian Prime Minister as she receives a global citizenship award in New York on Monday, an award that celebrates those who have made ""exceptional and distinctive co… [+4524 chars]"
2024-09-23T18:20:36Z,KPBS,Critics say lawmakers watered down California’s lemon car law after secret lobbyist negotiations,https://www.kpbs.org/news/quality-of-life/2024/09/23/critics-say-lawmakers-watered-down-californias-lemon-car-law-after-secret-lobbyist-negotiations,"Californians for the past 54 years have relied on the states lemon law to fight back against car makers that sell them defective vehicles. Now, critics say Californians ability to recoup their money … [+11198 chars]"
2024-09-23T18:15:00Z,Jalopnik,2025 Polestar 3 Is A Performance SUV For The Design Aficionado,https://jalopnik.com/2025-polestar-3-is-a-performance-suv-for-the-design-afi-1851654975,"In This Story
Staggered-width wheels wearing summer performance tires. A front aero wing and pass-through rear spoiler. Prominent rear haunches and wide flared fenders. A nicely tapering roofline. G… [+14365 chars]"
2024-09-23T18:12:55Z,Yahoo Entertainment,Tesla stock pops amid bullish sales forecast as robotaxi unveiling looms,https://finance.yahoo.com/news/tesla-stock-pops-amid-bullish-sales-forecast-as-robotaxi-unveiling-looms-181255883.html/,"Tesla (TSLA) stock is on the rise as investors await the companys long-anticipated robotaxi debut and its third-quarter sales figures.
Shares of the Elon Musk-helmed EV company jumped over 4% on Mon… [+2786 chars]"
2024-09-23T18:07:19Z,Newsweek,Cards Against Humanity Sues 'Racist' Elon Musk for Space X Intrusion,https://www.newsweek.com/donald-trump-elon-musk-tesla-spacex-border-wall-cards-against-humanity-texas-land-1958018,"The makers of the party game Cards Against Humanity have accused Elon Musk's space exploration company, SpaceX, of taking over its land in Texas.
Photos filed in a Texas court show SpaceX constructi… [+3739 chars]"
2024-09-23T18:06:18Z,Electrek,"Save up to $850 on new EcoFlow DELTA 3 ahead of Prime Day, Lectric e-bike bundles $554 off, NIU KQi e-scooters 35% off, more",http://electrek.co/2024/09/23/ecoflow-delta-3-lectric-e-bike-bundles-niu-kqi-e-scooters-more/,"Kickstarting this week’s Green Deals, we have a bunch of first-time post-launch discounts on EcoFlow’s new DELTA 3 Portable Power Station starting from $649, along with tons more early Prime Day disc… [+14822 chars]"
2024-09-23T17:57:00Z,Richmond.com,4 ships from Norfolk head to Middle East as violence rises between Israel and Hezbollah,https://richmond.com/news/state-regional/government-politics/4-ships-from-norfolk-head-to-middle-east-as-violence-rises-between-israel-and-hezbollah/article_4618b6aa-79d5-11ef-a176-0b247a6fa9aa.html,"The U.S. is sending additional troops to the Middle East in response to a sharp spike in violence between Israel and Hezbollah forces in Lebanon that has raised the risk of a greater regional war, th… [+42330 chars]"
2024-09-23T17:44:43Z,ETF Daily News,"Nippon Life Global Investors Americas Inc. Grows Stake in Tesla, Inc. (NASDAQ:TSLA)",https://www.etfdailynews.com/2024/09/23/nippon-life-global-investors-americas-inc-grows-stake-in-tesla-inc-nasdaqtsla/,"Nippon Life Global Investors Americas Inc. increased its stake in Tesla, Inc. (NASDAQ:TSLA – Free Report) by 59.1% in the second quarter, according to the company in its most recent disclosure with t… [+6577 chars]"
