link,page_number,product_link,productname2
https://veneria.pl/11-wibratory,1,https://veneria.pl/wibratory/46884-cutie-ghost-white-4061504067766.html,"Biały stymulator łechtaczki - Cutie Ghost - ciśnieniowy, USB - Satisfyer"
https://veneria.pl/11-wibratory,1,https://veneria.pl/wibratory/46883-cutie-ghost-blue-4061504067759.html,"Niebieski stymulator łechtaczki - Cutie Ghost - ciśnieniowy, USB - Satisfyer"
https://veneria.pl/11-wibratory,1,https://veneria.pl/wibratory/46882-dew-drop-blue-4061504066936.html,Niebieski stymulator łechtaczki - Dew Drop - na USB - Satisfyer
https://veneria.pl/11-wibratory,1,https://veneria.pl/wibratory/46881-dew-drop-white-4061504066929.html,Biały stymulator łechtaczki - Dew Drop - na USB - Satisfyer
https://veneria.pl/11-wibratory,1,https://veneria.pl/wibratory/46880-g-for-goddess-1-dark-grey-4061504065892.html,"Szary wibrator z króliczkeim - G for Goddess 1 - do stymulacji punktu G, USB - Satisfyer"
https://veneria.pl/11-wibratory,1,https://veneria.pl/wibratory/46879-g-for-goddess-1-white-4061504065885.html,"Biały wibrator z króliczkeim - G for Goddess 1 - do stymulacji punktu G, USB - Satisfyer"
https://veneria.pl/11-wibratory,1,https://veneria.pl/wibratory/46877-tap-climax-1-bluegrey-4061504046020.html,"Szary stymulator łechtaczki - Tap & Climax 1 - z funkcją stukania, USB - Satisfyer"
https://veneria.pl/11-wibratory,1,https://veneria.pl/wibratory/46876-tap-climax-1-grey-4061504046013.html,"Czarny stymulator łechtaczki - Tap & Climax 1 - z funkcją stukania, USB - Satisfyer"
https://veneria.pl/11-wibratory,1,https://veneria.pl/wibratory/46875-tap-climax-1-red-4061504046006.html,"Czerwony stymulator łechtaczki - Tap & Climax 1 - z funkcją stukania, USB - Satisfyer"
https://veneria.pl/11-wibratory,1,https://veneria.pl/wibratory/46874-pocket-pro-1-purple-4061504045177.html,"Bordowy stymulator łechtaczki - Pocket Pro 1 - ciśnieniowy, USB - Satisfyer"
https://veneria.pl/11-wibratory,1,https://veneria.pl/wibratory/46873-pocket-pro-1-blue-4061504045160.html,"Niebieski stymulator łechtaczki - Pocket Pro 1 - ciśnieniowy, USB - Satisfyer"
https://veneria.pl/11-wibratory,1,https://veneria.pl/wibratory/46871-spot-on-2-white-4061504044316.html,"Biały stymulator łechtaczki - Spot On 2 - na USB, Silikonowy - Satisfyer"
https://veneria.pl/11-wibratory,1,https://veneria.pl/wibratory/46870-spot-on-2-black-4061504044309.html,"Czarny stymulator łechtaczki - Spot On 2 - na USB, Silikonowy - Satisfyer"
https://veneria.pl/11-wibratory,1,https://veneria.pl/wibratory/46867-wibrator-patty-7-vibration-functions-7-ball-tapping-usb-5906233080701.html,"Fioletowy wibrator wielofunkcyjny ""Patty"" do stymulacji pochwy i odbytu - USB, Boss Series"
https://veneria.pl/11-wibratory,1,https://veneria.pl/wibratory/46866-wibrator-merfi-10-vibration-functions-10-frequency-tongue-licking-usb-5906233080695.html,"Czerwony stymulator ""Merfi"" do stymulacji punktu G i łechtaczki, USB Silikonowy - Boss Series"
https://veneria.pl/11-wibratory,1,https://veneria.pl/wibratory/46860-wibrator-ella-7-vibration-modes-3-thrusting-function-heating-5906233080633.html,"Fioletowy wibrator ""Ella"" z króliczkiem i funkcją pchania, USB Silikonowy - Boss Series"
https://veneria.pl/11-wibratory,1,https://veneria.pl/wand/46789-double-sided-vibrating-wand-8714273049223.html,"Zielony masażer Wand z wibratorem do punktu G - 2w1 - dwustronny, USB - Loveline"
https://veneria.pl/11-wibratory,1,https://veneria.pl/wibratory/46787-wearable-fingering-motion-vibrator-with-remote-control-8714273049193.html,"Różowy wibrator motylek sterowany pilotem bezprzewodowym, USB Silikonowy - Loveline"
https://veneria.pl/11-wibratory,1,https://veneria.pl/wibratory/46786-double-sided-flapping-and-g-spot-vibrator-8714273049186.html,"Różowy wibrator do stymulacji punktu G - dwustronny - USB, Silikonowy - Loveline"
https://veneria.pl/11-wibratory,1,https://veneria.pl/wibratory/46785-flapping-g-spot-butterfly-vibrator-8714273049179.html,"Zielony wibrator z króliczkiem - Flapping G-Spot Butterfly - stymulujący punkt G, USB - Loveline"
https://veneria.pl/11-wibratory,1,https://veneria.pl/wibratory/46784-small-wand-vibrator-8714273049162.html,"Różowy masażer Wand o kompaktowych wymiarach, USB Silikonowy - Loveline"
https://veneria.pl/11-wibratory,1,https://veneria.pl/wibratory/46781-thrusting-rabbit-vibrator-8714273049070.html,"Zielony wibrator z króliczkiem z funkcją pchania, USB Silikonowy - Loveline"
https://veneria.pl/11-wibratory,1,https://veneria.pl/wibratory/46780-double-sided-thrusting-vibrator-8714273049056.html,"Czerwony dwustronny wibrator z funkcją pchania, USB Silikonowy - Loveline"
https://veneria.pl/11-wibratory,1,https://veneria.pl/wibratory/46778-ultra-soft-silicone-g-spot-vibrator-8714273048974.html,"Różowy wibrator z króliczkiem stymulujący punkt G - USB, Silikonowy - Loveline"
https://veneria.pl/11-wibratory,1,https://veneria.pl/wibratory/46695-2-f-rabbit-vibe-thrusting-vib-4024144453221.html,"Fioletowy wibrator z króliczkiem - 2 F. Rabbit Vibe - z funkcją pchania, USB Silikonowy - JAVIDA"
https://veneria.pl/11-wibratory,1,https://veneria.pl/wibratory/46694-3-frabbit-vibe-thrusting-thum-4024144453214.html,"Fioletowy wibrator z króliczkiem - 3 F.Rabbit Vibe - z funkcją pchania, USB Silikonowy - JAVIDA"
https://veneria.pl/11-wibratory,1,https://veneria.pl/wibratory/46676-g-spot-vibrator-with-clitoral-pulse-wave-8714273049292.html,Wibrator wielofunkcyjny do stymulacji punktu G i łechtaczki - USB Silikonowy - Loveline
https://veneria.pl/11-wibratory,1,https://veneria.pl/wibratory/46674-tongue-flickering-and-heating-rabbit-vibrator-8714273048875.html,"Różowy wibrator z króliczkiem z funkcją podgrzewania - do punktu G - USB, Silikonowy - Loveline"
https://veneria.pl/11-wibratory,1,https://veneria.pl/wibratory/46673-twitch-3-rechargeable-vibrator-suction-silicone-10-speed-forest-green-8714273054999.html,"Wielofunkcyjny wibrator dopochwowy - Twitch 3 - z trzema silniczkami - USB, Silikonowy - Shots"
https://veneria.pl/11-wibratory,1,https://veneria.pl/wibratory/46667-ad-couple-secrets-ii-app-8433345119366.html,"Wibrator wielofunkcyjny - Couple Secrets II + APP - sterowany aplikacją, USB - Adrien Lastic"
https://veneria.pl/11-wibratory,1,https://veneria.pl/wibratory/46665-gen-rechargeable-triple-action-g-spot-vibrator-with-pulse-wave-and-vibrating-bristles-purple-8714273054234.html,"Wibrator wielofunkcyjny - Gen - do stymulacji punktu G oraz łechtaczki, USB Silikonowy - Vive"
https://veneria.pl/11-wibratory,1,https://veneria.pl/wibratory/46664-gen-rechargeable-triple-action-g-spot-vibrator-with-pulse-wave-and-vibrating-bristles-pink-8714273054166.html,"Wibrator wielofunkcyjny - Gen - do stymulacji punktu G oraz łechtaczki, USB Silikonowy - Vive"
https://veneria.pl/11-wibratory,1,https://veneria.pl/wibratory/46663-riko-rechargeable-triple-action-vibrator-with-advanced-finger-motion-pulse-wave-stimulator-purple-8714273051875.html,"Fioletowy wibrator do punktu G - Riko - wielofunkcyjny, trzy silniki, USB Silikonowy - Vive"
https://veneria.pl/11-wibratory,1,https://veneria.pl/wibratory/46662-riko-rechargeable-triple-action-thumper-with-advanced-finger-motion-pulse-wave-stimulator-pink-8714273051868.html,"Różowy wibrator do punktu G - Riko - wielofunkcyjny, trzy silniki, USB Silikonowy - Vive"
https://veneria.pl/11-wibratory,1,https://veneria.pl/wibratory/46595-travel-vibrator-with-lube-compartment-and-pump-8714273049407.html,"Wibrator klasyczny z przegródką na lubrykant - 2w1 - USB, Silikonowy - Loveline"
https://veneria.pl/11-wibratory,1,https://veneria.pl/wibratory/46594-tapping-heart-vibrator-8714273049391.html,"Różowy stymulator łechtaczki i punktu G - Tapping Heart - w kształcie serca, USB - Loveline"
https://veneria.pl/11-wibratory,1,https://veneria.pl/wibratory/46592-mini-rabbit-vibrator-with-usb-charger-8714273049377.html,"Różowy wibrator - Mini Rabbit - stymulujący łechtaczkę, USB Silikonowy - Loveline"
https://veneria.pl/11-wibratory,1,https://veneria.pl/wibratory/46590-ribbed-mini-vibrator-8714273049353.html,"Niebieski mini wibrator dopochwowy na USB - Silikonowy, Ribbed Mini - Loveline"
https://veneria.pl/11-wibratory,1,https://veneria.pl/wibratory/46588-mini-rabbit-vibrator-8714273049339.html,"Niebieski mini wibrator z króliczkiem - stymulujący punkt G - USB, Silikonowy - Loveline"
https://veneria.pl/11-wibratory,1,https://veneria.pl/wibratory/46586-pulse-wave-clitoris-vibrator-8714273049315.html,"Niebieski stymulator ciśnieniowy - Pulse Wave Clitoris - na USB, Silikonowy - Loveline"
https://veneria.pl/11-wibratory,2,https://veneria.pl/wibratory/46584-ultra-soft-silicone-rabbit-vibrator-8714273049285.html,"Cielisty wibrator z króliczkiem do stymulacji punktu G, USB Silikonowy - Loveline"
https://veneria.pl/11-wibratory,2,https://veneria.pl/wibratory/46583-ultra-soft-silicone-rabbit-vibrator-8714273049278.html,"Różowy wibrator z króliczkiem do stymulacji punktu G, USB Silikonowy - Loveline"
https://veneria.pl/11-wibratory,2,https://veneria.pl/wibratory/46582-rotating-beads-rabbit-vibrator-8714273049261.html,"Różowy wibrator z króliczkiem z funkcją rotacji, USB Silikonowy - Loveline"
https://veneria.pl/11-wibratory,2,https://veneria.pl/dildo-do-strapon/46581-ultra-soft-silicone-rotating-g-spot-vibrator-8714273049254.html,"Fioletowy wibrator do stymulacji punktu G - z rotacjami, USB Silikonowy - Loveline"
https://veneria.pl/11-wibratory,2,https://veneria.pl/wibratory/46580-ultra-soft-silicone-rotating-rabbit-vibrator-8714273049247.html,Zielony wibrator z króliczkiem z funkcją rotacji - stymulujący punkt G - USB - Loveline
https://veneria.pl/11-wibratory,2,https://veneria.pl/wibratory/46579-fingering-motion-rabbit-vibrator-8714273049230.html,"Szary wibrator z króliczkiem - Fingering Motion - stymulujący punkt G, USB - Loveline"
https://veneria.pl/11-wibratory,2,https://veneria.pl/wibratory/46578-swinging-rabbit-g-spot-vibrator-8714273049216.html,"Czerwony wibrator z króliczkiem - Swinging Rabbit - stymulujący punkt G, USB - Loveline"
https://veneria.pl/11-wibratory,2,https://veneria.pl/wibratory/46576-3-up-and-down-moving-rings-vibrator-8714273049131.html,"Wibrator z króliczkiem z funkcją ruchów posuwistych, USB Silikonowy - Loveline"
https://veneria.pl/11-wibratory,2,https://veneria.pl/wibratory/46575-g-spot-vibrator-with-bead-8714273049087.html,"Zielony wibrator do punktu G - G-Spot - designerski, USB Silikonowy - Loveline"
https://veneria.pl/11-wibratory,2,https://veneria.pl/wibratory/46568-ultra-soft-silicone-g-spot-vibrator-8714273048967.html,"Fioletowy wibrator do stymulacji punktu G - USB, Silikonowy - Loveline"
https://veneria.pl/11-wibratory,2,https://veneria.pl/wibratory/46567-inflatable-rabbit-vibrator-8714273048950.html,"Zielony wibrator z króliczkiem z funkcją pompowania, USB Silikonowy - Lovelline"
https://veneria.pl/11-wibratory,2,https://veneria.pl/wibratory/46566-silicone-tip-vibrator-8714273048943.html,"Fioletowy stymulator do punktów erogennych - USB, Silikonowy - Loveline"
https://veneria.pl/11-wibratory,2,https://veneria.pl/wibratory/46565-silicone-rabbit-vibrator-with-ribbed-clitoral-stimulator-8714273048936.html,"Pomarańczowy wibrator z króliczkiem stymulujący punkt G - USB, Silikonowy - Loveline"
https://veneria.pl/11-wibratory,2,https://veneria.pl/wibratory/46564-silicone-rabbit-vibrator-8714273048929.html,"Beżowy wibrator z króliczkiem stymulujący punkt G, USB Silikonowy - Loveline"
https://veneria.pl/11-wibratory,2,https://veneria.pl/wibratory/46563-silicone-pointed-rabbit-vibrator-8714273048912.html,"Niebieski wibrator z króliczkiem - Pointed Rabbit - stymulujący punkt G, USB - Loveline"
https://veneria.pl/11-wibratory,2,https://veneria.pl/wibratory/46562-silicone-smooth-vibrator-8714273048905.html,"Czerwony wibrator dopochwowy - Smooth Vibrator - na USB, Silikonowy - Loveline"
https://veneria.pl/11-wibratory,2,https://veneria.pl/wibratory/46561-silicone-g-spot-vibrator-8714273048899.html,"Żółty wibrator do stymulacji punktu G, USB Silikonowy - Loveline"
https://veneria.pl/11-wibratory,2,https://veneria.pl/wibratory/46560-licking-and-vibrating-clitoral-stimulator-8714273048882.html,"Zielony stymulator łechtaczki z języczkiem, USB Silikonowy - Loveline"
https://veneria.pl/11-wibratory,2,https://veneria.pl/wibratory/46558-pulse-wave-and-tongue-flickering-rabbit-vibrator-8714273048851.html,Zielony wibrator z ciśnieniowym króliczkiem - Pulse Wave and Tongue - USB Silikonowy - Loveline
https://veneria.pl/11-wibratory,2,https://veneria.pl/wibratory/46557-powerful-wand-vibrator-8714273048844.html,"Czarny masażer Wand do stymulacji miejsc erogennych, USB Silikonowy - Loveline"
https://veneria.pl/11-wibratory,2,https://veneria.pl/wibratory/46555-twitch-3-rechargeable-vibrator-suction-silicone-10-speed-burgundy-8714273054982.html,"Wielofunkcyjny wibrator dopochwowy - Twitch 3 - z trzema silniczkami - USB, Silikonowy - Shots"
https://veneria.pl/11-wibratory,2,https://veneria.pl/wibratory/46554-twitch-3-rechargeable-vibrator-suction-silicone-10-speed-blue-grey-8714273054975.html,"Wielofunkcyjny wibrator dopochwowy - Twitch 3 - z trzema silniczkami - USB, Silikonowy - Shots"
https://veneria.pl/11-wibratory,2,https://veneria.pl/wibratory/46546-power-escorts-pink-g-spot-princess-18-cm-7-inch-silicone-g-spot-vibrator-8716718096854.html,"Różowy wibrator - G Spot Princess - 18 Cm - stymulujący punkt G, USB Silikonowy"
https://veneria.pl/11-wibratory,2,https://veneria.pl/wibratory/46144-wowgenie-violet-fairygasm-5906196160458.html,"Fioletowy wibrator - WowGenie - klasyczny, dopochwowy, USB Silikonowy - FairyGasm"
https://veneria.pl/11-wibratory,2,https://veneria.pl/wibratory/46143-wowgenie-green-fairygasm-5906196160441.html,"Zielony wibrator - WowGenie - klasyczny, dopochwowy, USB Silikonowy - FairyGasm"
https://veneria.pl/11-wibratory,2,https://veneria.pl/wibratory/46142-wowgenie-blue-fairygasm-5906196160434.html,"Niebieski wibrator - WowGenie - klasyczny, dopochwowy, USB Silikonowy - FairyGasm"
https://veneria.pl/11-wibratory,2,https://veneria.pl/wibratory/46141-merrywand-violet-fairygasm-5906196160236.html,"Fioletowy wibrator - MerryWand - do stymulacji punktu G, USB Silikonowy - FairyGasm"
https://veneria.pl/11-wibratory,2,https://veneria.pl/wibratory/46140-merrywand-green-fairygasm-5906196160229.html,"Zielony wibrator - MerryWand - do stymulacji punktu G, USB Silikonowy - FairyGasm"
https://veneria.pl/11-wibratory,2,https://veneria.pl/wibratory/46139-merrywand-blue-fairygasm-5906196160212.html,"Niebieski wibrator - MerryWand - do stymulacji punktu G, USB Silikonowy - FairyGasm"
https://veneria.pl/11-wibratory,2,https://veneria.pl/wibratory/46138-pleasurearrow-violet-fairygasm-5906196160298.html,"Fioletowy wibrator - PleasureArrow - do stymulacji łechtaczki, USB Silikonowy - FairyGasm"
https://veneria.pl/11-wibratory,2,https://veneria.pl/wibratory/46137-pleasurearrow-green-fairygasm-5906196160281.html,"Zielony wibrator - PleasureArrow - do stymulacji łechtaczki, USB Silikonowy - FairyGasm"
https://veneria.pl/11-wibratory,2,https://veneria.pl/wibratory/46136-pleasurearrow-blue-fairygasm-5906196160274.html,"Niebieski wibrator - PleasureArrow - do stymulacji łechtaczki, USB Silikonowy - FairyGasm"
https://veneria.pl/11-wibratory,2,https://veneria.pl/wibratory/46135-braveryaward-violet-fairygasm-5906196160113.html,"Fioletowy wibrator do punktu G - BraveryAward - na USB, Silikonowy - FairyGasm"
https://veneria.pl/11-wibratory,2,https://veneria.pl/wibratory/46134-braveryaward-green-fairygasm-5906196160106.html,"Zielony wibrator do punktu G - BraveryAward - na USB, Silikonowy - FairyGasm"
https://veneria.pl/11-wibratory,2,https://veneria.pl/wibratory/46133-braveryaward-blue-fairygasm-5906196160090.html,"Niebieski wibrator do punktu G - BraveryAward - na USB, Silikonowy - FairyGasm"
https://veneria.pl/11-wibratory,2,https://veneria.pl/wibratory/46132-heartgem-violet-fairygasm-5906196160144.html,"Fioletowy stymulator łechtaczki - HeartGem - na pilota bezprzewodowego, USB- FairyGasm"
https://veneria.pl/11-wibratory,2,https://veneria.pl/wibratory/46131-heartgem-green-fairygasm-5906196160137.html,"Zielony stymulator łechtaczki - HeartGem - na pilota bezprzewodowego, USB- FairyGasm"
https://veneria.pl/11-wibratory,2,https://veneria.pl/wibratory/46130-heartgem-blue-fairygasm-5906196160120.html,"Niebieski stymulator łechtaczki - HeartGem - na pilota bezprzewodowego, USB- FairyGasm"
https://veneria.pl/11-wibratory,2,https://veneria.pl/wibratory/46129-thrillleaf-violet-fairygasm-5906196160427.html,"Fioletowy stymulator łechtaczki - ThrillLeaf - stymulujący, na USB, Silikonowy - FairyGasm"
https://veneria.pl/11-wibratory,2,https://veneria.pl/wibratory/46128-thrillleaf-green-fairygasm-5906196160410.html,"Zielony stymulator łechtaczki - ThrillLeaf - stymulujący, na USB, Silikonowy - FairyGasm"
https://veneria.pl/11-wibratory,3,https://veneria.pl/wibratory/46127-thrillleaf-blue-fairygasm-5906196160403.html,"Niebieski stymulator łechtaczki - ThrillLeaf - stymulujący, na USB, Silikonowy - FairyGasm"
https://veneria.pl/11-wibratory,3,https://veneria.pl/wibratory/46126-pleasurestone-violet-fairygasm-5906196160366.html,"Fioletowy stymulator łechtaczki - PleasureStone - w kształcie serca, USB - FairyGasm"
https://veneria.pl/11-wibratory,3,https://veneria.pl/wibratory/46125-pleasurestone-red-fairygasm-5906196160359.html,"Czerwony stymulator łechtaczki - PleasureStone - w kształcie serca, USB - FairyGasm"
https://veneria.pl/11-wibratory,3,https://veneria.pl/wibratory/46124-pleasurestone-green-fairygasm-5906196160342.html,"Zielony stymulator łechtaczki - PleasureStone - w kształcie serca, USB - FairyGasm"
https://veneria.pl/11-wibratory,3,https://veneria.pl/wibratory/46123-pleasurestone-blue-fairygasm-5906196160335.html,"Niebieski stymulator łechtaczki - PleasureStone - w kształcie serca, USB - FairyGasm"
https://veneria.pl/11-wibratory,3,https://veneria.pl/wibratory/46120-pearlstasy-blue-fairygasm-5906196160243.html,"Niebieski masażer Wand - Pearlstasy - do miejsc erogennych, USB Silikonowy - FairyGasm"
https://veneria.pl/11-wibratory,3,https://veneria.pl/wibratory/46083-turbo-thruster-759746548672.html,"Wibrator z króliczkiem - Turbo Thruster - z funkcją pchania, USB Silikonowy - CHISA"
https://veneria.pl/11-wibratory,3,https://veneria.pl/wibratory/46082-thruster-burst-vibrator-759746954237.html,"Niebieski wibrator do stymulacji punktu G - Thruster Burst, USB - CHISA"
https://veneria.pl/11-wibratory,3,https://veneria.pl/wibratory/46081-g-burst-vibrator-759746745293.html,"Wibrator do punktu ""G"" Burst z wibracjami, na USB, Fioletowy - CHISA"
https://veneria.pl/11-wibratory,3,https://veneria.pl/wibratory/46080-real-burst-vibrator-759746452306.html,"Czerwony wibrator realistyczny - Real Burst - na przyssawce, USB Silikonowy - CHISA"
https://veneria.pl/11-wibratory,3,https://veneria.pl/wibratory/46078-pretty-love-kampas-rabbit-3-in-1-multifunction-vibrator-with-tongue-violet-6959532335941.html,"Fioletowy wibrator z króliczkiem - Kampas Rabbit - stymulujący punkt G, USB Silikonowy - PRETTY LOVE"
https://veneria.pl/11-wibratory,3,https://veneria.pl/wibratory/46077-pretty-love-blanche-dark-purple-12-vibration-functions-memory-function-6959532336092.html,"Fioletowy wibrator łechtaczkowy - Blanche - stymulujący, USB Silikonowy - Pretty Love"
https://veneria.pl/11-wibratory,3,https://veneria.pl/wibratory/46076-pretty-love-blanche-purple-12-vibration-functions-memory-function-6959532336078.html,"Różowy wibrator łechtaczkowy - Blanche - stymulujący, USB Silikonowy - Pretty Love"
https://veneria.pl/11-wibratory,3,https://veneria.pl/wibratory/46075-pretty-love-alfreda-purple-memory-function-12-vibration-functions-6959532336047.html,"Fioletowy wibrator łechtaczkowy - Alfreda - na akumulator, USB, Silikonowy - Pretty Love"
https://veneria.pl/11-wibratory,3,https://veneria.pl/wibratory/46074-pretty-love-dejon-twinkled-tenderness-7-vibration-functions-4-thrusting-settings-4-rotation-functions-6959532335897.html,"Wibrator z króliczkiem - Dejon - z funkcją ruchów rotacyjnych i posuwistych, USB Silikonowy - Pretty ove"
https://veneria.pl/11-wibratory,3,https://veneria.pl/wibratory/46073-pretty-love-dejon-twinkled-tenderness-purple-7-vibration-functions-4-thrusting-settings-4-rotation-functions-6959532335880.html,"Wibrator z króliczkiem - Dejon - z funkcją ruchów rotacyjnych i posuwistych, USB Silikonowy - Pretty ove"
https://veneria.pl/11-wibratory,3,https://veneria.pl/wibratory/46071-pretty-love-coale-twinkled-tenderness-purple-7-vibration-functions-4-rotation-functions-4-thrusting-settings-6959532335859.html,"Wibrator z króliczkiem z funkcją ruchów obrotowych i posuwistych, USB Silikonowy - Pretty Love"
https://veneria.pl/11-wibratory,3,https://veneria.pl/wibratory/46070-pretty-love-twinkled-tenderness-7-vibration-functions-4-rolling-functions-memory-function-6959532335835.html,"Zielony wibrator z króliczkiem - Twinkled Tenderness - z funkcją ruchów posuwistych, USB - PRETTY LOVE"
https://veneria.pl/11-wibratory,3,https://veneria.pl/wibratory/46069-pretty-love-twinkled-tenderness-purple-7-vibration-functions-4-rolling-functions-memory-function-6959532335828.html,"Różowy wibrator z króliczkiem - Twinkled Tenderness - z funkcją ruchów posuwistych, USB - PRETTY LOVE"
https://veneria.pl/11-wibratory,3,https://veneria.pl/wibratory/46068-pretty-love-curtis-12-vibration-functions-memory-function-6959532328233.html,"Różowy wibrator dopochwowy - Curtis - na akumulator, USB Silikonowy - Pretty Love"
https://veneria.pl/11-wibratory,3,https://veneria.pl/wibratory/46067-pretty-love-lamar-green-10-vibration-functions-9-speed-levels-6959532335460.html,"Zielony wibrator z króliczkiem - Lamar - stymulujący punkt G, USB Silikonowy - PRETTY LOVE"
https://veneria.pl/11-wibratory,3,https://veneria.pl/wibratory/46066-pretty-love-lamar-blue-10-vibration-functions-9-speed-levels-6959532334593.html,"Granatowy wibrator z króliczkiem - Lamar - stymulujący punkt G, USB Silikonowy - PRETTY LOVE"
https://veneria.pl/11-wibratory,3,https://veneria.pl/wibratory/46065-pretty-love-lamar-pink-10-vibration-functions-9-speed-levels-6959532335484.html,"Różowy wibrator z króliczkiem - Lamar - stymulujący punkt G, USB Silikonowy - PRETTY LOVE"
https://veneria.pl/11-wibratory,3,https://veneria.pl/wibratory/46064-pretty-love-lamar-purple-10-vibration-functions-9-speed-levels-6959532334418.html,"Fioletowy wibrator z króliczkiem - Lamar - stymulujący punkt G, USB Silikonowy - PRETTY LOVE"
https://veneria.pl/11-wibratory,3,https://veneria.pl/wibratory/46058-pretty-love-tommy-89-light-brown-3-vibration-functions-3-thrusting-settings-suction-base-wireless-remote-control-6959532328219.html,"Wibrator realistyczny - Tommy 8,9'' - na pilota, przyssawka, USB - Silikonowy - PRETTY LOVE"
https://veneria.pl/11-wibratory,3,https://veneria.pl/wibratory/46057-pretty-love-jonathan-83-light-brown-3-vibration-functions-thrusting-wireless-remote-control-6959532328196.html,"Wibrator realistyczny - Jonathan 8,3"" - z funkcją pchania, USB Silikonowy - Pretty Love"
https://veneria.pl/11-wibratory,3,https://veneria.pl/wibrujace-jajka/46020-pretty-love-magic-box-pink-12-vibration-functions-7-tapping-functions-6959532329650.html,"Różowy wielofunkcyjny stymulator łechtaczki i jajeczko - Magic Box - 2w1, na USB - PRETTY LOVE"
https://veneria.pl/11-wibratory,3,https://veneria.pl/wibratory/46017-pretty-love-billy-purple-12-vibration-functions-mobile-app-remote-control-6959532336238.html,"Wibrator wielofunkcyjny - Billy - sterowany aplikacją, USB Silikonowy - Pretty Love"
https://veneria.pl/11-wibratory,3,https://veneria.pl/wibratory/46008-pretty-love-geri-purple-12-vibration-functions-3-licking-settings-wireless-remote-control-6959532334449.html,"Wibrator dopochwowy - Geri - stymulujący punkt G, na pilota bezprzewodowego, USB - PRETTY LOVE"
https://veneria.pl/11-wibratory,3,https://veneria.pl/wibratory/45993-pretty-love-baird-purple-12-vibration-functions-mobile-app-long-distance-control-6959532335637.html,"Bordowy wibrator do stymulacji punktu G - Baird - sterowany aplikacją, USB - Pretty Love"
https://veneria.pl/11-wibratory,3,https://veneria.pl/wibratory/45983-pretty-love-hector-12-vibration-functions-5-electric-shock-functions-mobile-app-remote-control-6959532335590.html,"Wibrator do punktu G - HECTOR - z funkcją elektrostymulacji, sterowany aplikacją, USB - PRETTY LOVE"
https://veneria.pl/11-wibratory,3,https://veneria.pl/wibratory/45982-pretty-love-cetus-green-12-function-vibrations-6959532334999.html,"Wibrator do stymulacji punktu G - CETUS - profilowany, USB Silikonowy - Pretty Love"
https://veneria.pl/11-wibratory,3,https://veneria.pl/wibratory/45978-pretty-love-prescott-green-12-vibration-functions-memory-function.html,"Zielony wibrator do punktu G - PRESCOTT - na USB, Silikonowy - Pretty Love"
https://veneria.pl/11-wibratory,3,https://veneria.pl/wibratory/45977-pretty-love-prescott-purple-12-vibration-functions-memory-function-6959532334791.html,"Granatowy wibrator do punktu G - PRESCOTT - na akumulator USB, Silikonowy - PRETTY LOVE"
https://veneria.pl/11-wibratory,3,https://veneria.pl/wibratory/45976-pretty-love-prescott-red-12-vibration-functions-memory-function-6959532334654.html,PRETTY LOVE - PRESCOTT Red 12 vibration functions Memory function
https://veneria.pl/11-wibratory,3,https://veneria.pl/wibratory/45969-pretty-love-prescott-green-7-function-vibrations-6959532334944.html,"Zielony wibrator z króliczkiem - PRESCOTT - stymulujący punkt G, USB - PRETTY LOVE"
https://veneria.pl/11-wibratory,3,https://veneria.pl/wibratory/45968-pretty-love-prescott-purple-7-function-vibrations-6959532334784.html,"Granatowy wibrator z króliczkiem - PRESCOTT - stymulujący punkt G, USB - PRETTY LOVE"
https://veneria.pl/11-wibratory,3,https://veneria.pl/wibratory/45967-pretty-love-prescott-red-7-function-vibrations-6959532334647.html,"Czerwony wibrator z króliczkiem - PRESCOTT - stymulujący punkt G, USB Silikonowy - PRETTY LOVE"
https://veneria.pl/11-wibratory,3,https://veneria.pl/wibratory/45964-pretty-love-thomas-usb-green-7-function-6959532334937.html,"Zielony wibrator z króliczkiem - THOMAS - stymulujący punkt G, USB - PRETTY LOVE"
https://veneria.pl/11-wibratory,3,https://veneria.pl/wibratory/45963-pretty-love-thomas-usb-purple-7-function-6959532334777.html,"Fioletowy wibrator z króliczkiem - THOMAS - stymulujący punkt G, USB - PRETTY LOVE"
https://veneria.pl/11-wibratory,4,https://veneria.pl/wibratory/45962-pretty-love-thomas-usb-red-7-function-6959532334630.html,"Czerwony wibrator z króliczkiem - THOMAS - stymulujący punkt G, USB Silikonowy - PRETTY LOVE"
https://veneria.pl/11-wibratory,4,https://veneria.pl/wibratory/45961-pretty-love-mini-massager-12-vibration-functions-6959532333237.html,"Klasyczny wibrator dopochwowy - MINI MASSAGER - USB, Silikonowy - PRETTY LOVE"
https://veneria.pl/11-wibratory,4,https://veneria.pl/wibratory/45956-rouge-velvet-bunny-licking-vibrator-6096727199138.html,"Czerwony wibrator z króliczkiem - Ombra - stymulujący punkt G, USB Silikonowy - Rouge Velvet"
https://veneria.pl/11-wibratory,4,https://veneria.pl/wibratory/45955-rouge-velvet-mini-g-spot-licking-vibrator-6096727199121.html,"Czerwony wielofunkcyjny wibrator - Serena - stymulujący punkt G oraz łechtaczkę, USB silikonowy - Rouge Velvet"
https://veneria.pl/11-wibratory,4,https://veneria.pl/wibratory/45954-rouge-velvet-g-spot-licking-vibrator-6096727198131.html,"Czerwony wibrator wielofunkcyjny - Aura - do stymulacji punktu G i łechtaczki, USB - Rouge Velvet"
https://veneria.pl/11-wibratory,4,https://veneria.pl/wibratory/45953-rouge-velvet-g-spot-vibrator-6096727198124.html,"Czerwony wibrator z króliczkiem - Essentia - stymulujący punkt G, USB Silikonowy - Rouge Velvet"
https://veneria.pl/11-wibratory,4,https://veneria.pl/klasyczne/45952-rouge-velvet-rose-vibrator-6096727198100.html,"Różowy wielofunkcyjny wibrator Rouge Velvet - do stymulacji pochwy i łechtaczki - 2w1 - USB, Aurora"
https://veneria.pl/11-wibratory,4,https://veneria.pl/wibratory/45951-me-you-us-viking-realistic-vibrator-purple-5060365093739.html,"Fioletowy wibrator realistyczny - Viking - na baterie, TPE - Me You Us"
https://veneria.pl/11-wibratory,4,https://veneria.pl/wibratory/45940-javida-inflatable-vibrator-4024144453122.html,"Wibrator do stymulacji punktu G z funkcją pompowania, USB Silikonowy - Javida"
https://veneria.pl/11-wibratory,4,https://veneria.pl/wibratory/45938-javida-3-function-pearl-rotati-4024144451067.html,"Bordowy wibrator z króliczkiem z funkcją rotacji, USB Silikonowy - Javida"
https://veneria.pl/11-wibratory,4,https://veneria.pl/wibratory/45928-pretty-love-flexible-fabulous-7-functions-of-vibration-6937526503330.html,"Czarny wibrator analny na USB do stymulacji prostaty, Silikonowy - PRETTY LOVE"
https://veneria.pl/11-wibratory,4,https://veneria.pl/wibratory/45925-sharpy-759746395955.html,"Czerwony wibrator do stymulacji punktu G - Sharpy - z uchwytem, USB Silikonowy - CHISA"
https://veneria.pl/11-wibratory,4,https://veneria.pl/wibratory/45924-comma-759746356253.html,"Różowy stymulator łechtaczki - Comma - na USB, Silikonowy - CHISA"
https://veneria.pl/11-wibratory,4,https://veneria.pl/wibratory/45923-acein-759746250452.html,"Wielofunkcyjny wibrator - Acein - do stymulacji pochwy i łechtaczki, USB, Silikonowy - CHISA"
https://veneria.pl/11-wibratory,4,https://veneria.pl/wibratory/45902-electric-vibrator-759746369123.html,"Czarny wibrator z króliczkiem z funkcją elektrostymulacji, USB Silikonowy - CHISA"
https://veneria.pl/11-wibratory,4,https://veneria.pl/wibratory/45901-forked-vibe-759746179463.html,"Różowy wibrator dopochwowy - Forked Vibe - o stymulującym kształcie, USB Silikonowy - CHISA"
https://veneria.pl/11-wibratory,4,https://veneria.pl/wibratory/45900-dildo-vibe-759746179364.html,"Różowy wibrator do stymulacji punktu G - Dildo Vibe - na USB, Silikonowe - CHISA"
https://veneria.pl/11-wibratory,4,https://veneria.pl/wibratory/45899-romp-vibe-759746179265.html,"Różowy wibrator dopochwowy - Romp Vibe - klasyczny, USB, silikonowy - CHISA"
https://veneria.pl/11-wibratory,4,https://veneria.pl/wibratory/45898-ripple-vibe-759746179067.html,"Różowy wibrator dopochwowy - Ripple Vibe - kulkowy, USB, Silikonowy - CHISA"
https://veneria.pl/11-wibratory,4,https://veneria.pl/wibratory/45897-glitz-759746319234.html,"Wibrator analny - Glitz - z funkcją ruchów posuwistych, USB Silikonowy - CHISA"
https://veneria.pl/11-wibratory,4,https://veneria.pl/wibratory/45896-romp-759746087621.html,"Czarny wibrator dopochwowy - Romp - klasyczny, USB, Silikonowy - CHISA"
https://veneria.pl/11-wibratory,4,https://veneria.pl/wibratory/45895-tide-759746262257.html,"Wibrator do stymulacji punktu G i łechtaczki - Tide - USB, Silikonowy - CHISA"
https://veneria.pl/11-wibratory,4,https://veneria.pl/wibratory/45894-fury-759746194596.html,"Wibrator z króliczkiem - Fury - do stymulacji punktu G, USB Silikonowy Granatowy - CHISA"
https://veneria.pl/11-wibratory,4,https://veneria.pl/wibratory/45893-raider-759746193582.html,"Zielony wibrator z króliczkiem - Raider - na USB, Silikonowy - CHISA"
https://veneria.pl/11-wibratory,4,https://veneria.pl/wibratory/45878-clit-kisser-thruster-759746651167.html,"Różowy wibrator z króliczkiem - Clit Kisser Thruster - na USB, Silikonowy - CHISA"
https://veneria.pl/11-wibratory,4,https://veneria.pl/wibratory/45877-thrusting-rabbit-759746412065.html,"Różowy wibrator z króliczkiem z funkcją pchania - USB, Silikonowy - CHISA"
https://veneria.pl/11-wibratory,4,https://veneria.pl/wibratory/45876-flirty-touch-759746330468.html,"Różowy stymulator łechtaczki - Flirty Touch - na USB, Silikonowy - CHISA"
https://veneria.pl/11-wibratory,4,https://veneria.pl/wibratory/45866-sexy-heat-up-elephish-759746312860.html,"Różowy wibrator z króliczkiem - Sexy Heat Up Elephish - z funkcją rotacji, USB - CHISA"
https://veneria.pl/11-wibratory,4,https://veneria.pl/wibratory/45865-missile-rabbit-purple-759746361813.html,"Fioletowy wibrator z króliczkiem - Missile Rabbit - na USB, Silikonowy - CHISA"
https://veneria.pl/11-wibratory,4,https://veneria.pl/wibratory/45864-magic-g-wand-759746700308.html,"Srebrny wibrator do punktu G - Magic G Wand - świecący, USB ABS - CHISA"
https://veneria.pl/11-wibratory,4,https://veneria.pl/wibratory/45855-glitters-boy-purple-759746342775.html,"Wibrator realistyczny - Glitters Boy - z koralikami, na baterie, TPE - CHISA"
https://veneria.pl/11-wibratory,4,https://veneria.pl/wibratory/45854-9-realistic-vibe-pink-759746329066.html,"Realistyczny wibrator dopochwowy 9"" - na baterie, różowy - CHISA"
https://veneria.pl/11-wibratory,4,https://veneria.pl/wibratory/45853-9-realistic-vibe-purple-759746329011.html,"Realistyczny wibrator dopochwowy 9"" - na baterie, fioletowy - CHISA"
https://veneria.pl/11-wibratory,4,https://veneria.pl/wibratory/45852-88-realistic-vibe-pink-759746328861.html,"Realistyczny wibrator dopochwowy 8,8"" - na baterie, różowy - CHISA"
https://veneria.pl/11-wibratory,4,https://veneria.pl/wibratory/45851-88-realistic-vibe-purple-759746328816.html,"Realistyczny wibrator dopochwowy 8,8"" na baterie, fioletowy TPR - CHISA"
https://veneria.pl/11-wibratory,4,https://veneria.pl/wibratory/45850-81-realistic-vibe-pink-759746328663.html,"Realistyczny wibrator dopochwowy 8,1"" - na baterie, różowy - CHISA"
https://veneria.pl/11-wibratory,4,https://veneria.pl/wibratory/45849-9-realistic-vibe-pink-759746328564.html,"Realistyczny wibrator dopochwowy 9"" - na baterie, różowy - CHISA"
https://veneria.pl/11-wibratory,4,https://veneria.pl/wibratory/45801-pretty-love-reese-12-vibration-functions-4-rotation-functions-4-thrusting-settings-6959532333909.html,"Różowy Wibrator z króliczkiem - Reese - z funkcją rotacji i ruchów posuwistych, USB - PRETTY LOVE"
https://veneria.pl/11-wibratory,4,https://veneria.pl/wibratory/45800-pretty-love-atlas-10-vibration-functions-6959532324297.html,"Różowy wibrator do punktu G - Atlas - stymulujący, na baterie - Silikonowy - PRETTY LOVE"
https://veneria.pl/11-wibratory,4,https://veneria.pl/wibratory/45799-pretty-love-bogey-10-vibration-functions-6959532324280.html,"Różowy wibrator do punktu G - Bogey - na baterie, Silikonowy - PRETTY LOVE"
https://veneria.pl/11-wibratory,5,https://veneria.pl/wibratory/45962-pretty-love-thomas-usb-red-7-function-6959532334630.html,"Czerwony wibrator z króliczkiem - THOMAS - stymulujący punkt G, USB Silikonowy - PRETTY LOVE"
https://veneria.pl/11-wibratory,5,https://veneria.pl/wibratory/45961-pretty-love-mini-massager-12-vibration-functions-6959532333237.html,"Klasyczny wibrator dopochwowy - MINI MASSAGER - USB, Silikonowy - PRETTY LOVE"
https://veneria.pl/11-wibratory,5,https://veneria.pl/wibratory/45956-rouge-velvet-bunny-licking-vibrator-6096727199138.html,"Czerwony wibrator z króliczkiem - Ombra - stymulujący punkt G, USB Silikonowy - Rouge Velvet"
https://veneria.pl/11-wibratory,5,https://veneria.pl/wibratory/45955-rouge-velvet-mini-g-spot-licking-vibrator-6096727199121.html,"Czerwony wielofunkcyjny wibrator - Serena - stymulujący punkt G oraz łechtaczkę, USB silikonowy - Rouge Velvet"
https://veneria.pl/11-wibratory,5,https://veneria.pl/wibratory/45954-rouge-velvet-g-spot-licking-vibrator-6096727198131.html,"Czerwony wibrator wielofunkcyjny - Aura - do stymulacji punktu G i łechtaczki, USB - Rouge Velvet"
https://veneria.pl/11-wibratory,5,https://veneria.pl/wibratory/45953-rouge-velvet-g-spot-vibrator-6096727198124.html,"Czerwony wibrator z króliczkiem - Essentia - stymulujący punkt G, USB Silikonowy - Rouge Velvet"
https://veneria.pl/11-wibratory,5,https://veneria.pl/klasyczne/45952-rouge-velvet-rose-vibrator-6096727198100.html,"Różowy wielofunkcyjny wibrator Rouge Velvet - do stymulacji pochwy i łechtaczki - 2w1 - USB, Aurora"
https://veneria.pl/11-wibratory,5,https://veneria.pl/wibratory/45951-me-you-us-viking-realistic-vibrator-purple-5060365093739.html,"Fioletowy wibrator realistyczny - Viking - na baterie, TPE - Me You Us"
https://veneria.pl/11-wibratory,5,https://veneria.pl/wibratory/45940-javida-inflatable-vibrator-4024144453122.html,"Wibrator do stymulacji punktu G z funkcją pompowania, USB Silikonowy - Javida"
https://veneria.pl/11-wibratory,5,https://veneria.pl/wibratory/45938-javida-3-function-pearl-rotati-4024144451067.html,"Bordowy wibrator z króliczkiem z funkcją rotacji, USB Silikonowy - Javida"
https://veneria.pl/11-wibratory,5,https://veneria.pl/wibratory/45928-pretty-love-flexible-fabulous-7-functions-of-vibration-6937526503330.html,"Czarny wibrator analny na USB do stymulacji prostaty, Silikonowy - PRETTY LOVE"
https://veneria.pl/11-wibratory,5,https://veneria.pl/wibratory/45925-sharpy-759746395955.html,"Czerwony wibrator do stymulacji punktu G - Sharpy - z uchwytem, USB Silikonowy - CHISA"
https://veneria.pl/11-wibratory,5,https://veneria.pl/wibratory/45924-comma-759746356253.html,"Różowy stymulator łechtaczki - Comma - na USB, Silikonowy - CHISA"
https://veneria.pl/11-wibratory,5,https://veneria.pl/wibratory/45923-acein-759746250452.html,"Wielofunkcyjny wibrator - Acein - do stymulacji pochwy i łechtaczki, USB, Silikonowy - CHISA"
https://veneria.pl/11-wibratory,5,https://veneria.pl/wibratory/45902-electric-vibrator-759746369123.html,"Czarny wibrator z króliczkiem z funkcją elektrostymulacji, USB Silikonowy - CHISA"
https://veneria.pl/11-wibratory,5,https://veneria.pl/wibratory/45901-forked-vibe-759746179463.html,"Różowy wibrator dopochwowy - Forked Vibe - o stymulującym kształcie, USB Silikonowy - CHISA"
https://veneria.pl/11-wibratory,5,https://veneria.pl/wibratory/45900-dildo-vibe-759746179364.html,"Różowy wibrator do stymulacji punktu G - Dildo Vibe - na USB, Silikonowe - CHISA"
https://veneria.pl/11-wibratory,5,https://veneria.pl/wibratory/45899-romp-vibe-759746179265.html,"Różowy wibrator dopochwowy - Romp Vibe - klasyczny, USB, silikonowy - CHISA"
https://veneria.pl/11-wibratory,5,https://veneria.pl/wibratory/45898-ripple-vibe-759746179067.html,"Różowy wibrator dopochwowy - Ripple Vibe - kulkowy, USB, Silikonowy - CHISA"
https://veneria.pl/11-wibratory,5,https://veneria.pl/wibratory/45897-glitz-759746319234.html,"Wibrator analny - Glitz - z funkcją ruchów posuwistych, USB Silikonowy - CHISA"
https://veneria.pl/11-wibratory,5,https://veneria.pl/wibratory/45896-romp-759746087621.html,"Czarny wibrator dopochwowy - Romp - klasyczny, USB, Silikonowy - CHISA"
https://veneria.pl/11-wibratory,5,https://veneria.pl/wibratory/45895-tide-759746262257.html,"Wibrator do stymulacji punktu G i łechtaczki - Tide - USB, Silikonowy - CHISA"
https://veneria.pl/11-wibratory,5,https://veneria.pl/wibratory/45894-fury-759746194596.html,"Wibrator z króliczkiem - Fury - do stymulacji punktu G, USB Silikonowy Granatowy - CHISA"
https://veneria.pl/11-wibratory,5,https://veneria.pl/wibratory/45893-raider-759746193582.html,"Zielony wibrator z króliczkiem - Raider - na USB, Silikonowy - CHISA"
https://veneria.pl/11-wibratory,5,https://veneria.pl/wibratory/45878-clit-kisser-thruster-759746651167.html,"Różowy wibrator z króliczkiem - Clit Kisser Thruster - na USB, Silikonowy - CHISA"
https://veneria.pl/11-wibratory,5,https://veneria.pl/wibratory/45877-thrusting-rabbit-759746412065.html,"Różowy wibrator z króliczkiem z funkcją pchania - USB, Silikonowy - CHISA"
https://veneria.pl/11-wibratory,5,https://veneria.pl/wibratory/45876-flirty-touch-759746330468.html,"Różowy stymulator łechtaczki - Flirty Touch - na USB, Silikonowy - CHISA"
https://veneria.pl/11-wibratory,5,https://veneria.pl/wibratory/45866-sexy-heat-up-elephish-759746312860.html,"Różowy wibrator z króliczkiem - Sexy Heat Up Elephish - z funkcją rotacji, USB - CHISA"
https://veneria.pl/11-wibratory,5,https://veneria.pl/wibratory/45865-missile-rabbit-purple-759746361813.html,"Fioletowy wibrator z króliczkiem - Missile Rabbit - na USB, Silikonowy - CHISA"
https://veneria.pl/11-wibratory,5,https://veneria.pl/wibratory/45864-magic-g-wand-759746700308.html,"Srebrny wibrator do punktu G - Magic G Wand - świecący, USB ABS - CHISA"
https://veneria.pl/11-wibratory,5,https://veneria.pl/wibratory/45855-glitters-boy-purple-759746342775.html,"Wibrator realistyczny - Glitters Boy - z koralikami, na baterie, TPE - CHISA"
https://veneria.pl/11-wibratory,5,https://veneria.pl/wibratory/45854-9-realistic-vibe-pink-759746329066.html,"Realistyczny wibrator dopochwowy 9"" - na baterie, różowy - CHISA"
https://veneria.pl/11-wibratory,5,https://veneria.pl/wibratory/45853-9-realistic-vibe-purple-759746329011.html,"Realistyczny wibrator dopochwowy 9"" - na baterie, fioletowy - CHISA"
https://veneria.pl/11-wibratory,5,https://veneria.pl/wibratory/45852-88-realistic-vibe-pink-759746328861.html,"Realistyczny wibrator dopochwowy 8,8"" - na baterie, różowy - CHISA"
https://veneria.pl/11-wibratory,5,https://veneria.pl/wibratory/45851-88-realistic-vibe-purple-759746328816.html,"Realistyczny wibrator dopochwowy 8,8"" na baterie, fioletowy TPR - CHISA"
https://veneria.pl/11-wibratory,5,https://veneria.pl/wibratory/45850-81-realistic-vibe-pink-759746328663.html,"Realistyczny wibrator dopochwowy 8,1"" - na baterie, różowy - CHISA"
https://veneria.pl/11-wibratory,5,https://veneria.pl/wibratory/45849-9-realistic-vibe-pink-759746328564.html,"Realistyczny wibrator dopochwowy 9"" - na baterie, różowy - CHISA"
https://veneria.pl/11-wibratory,5,https://veneria.pl/wibratory/45801-pretty-love-reese-12-vibration-functions-4-rotation-functions-4-thrusting-settings-6959532333909.html,"Różowy Wibrator z króliczkiem - Reese - z funkcją rotacji i ruchów posuwistych, USB - PRETTY LOVE"
https://veneria.pl/11-wibratory,5,https://veneria.pl/wibratory/45800-pretty-love-atlas-10-vibration-functions-6959532324297.html,"Różowy wibrator do punktu G - Atlas - stymulujący, na baterie - Silikonowy - PRETTY LOVE"
https://veneria.pl/11-wibratory,5,https://veneria.pl/wibratory/45799-pretty-love-bogey-10-vibration-functions-6959532324280.html,"Różowy wibrator do punktu G - Bogey - na baterie, Silikonowy - PRETTY LOVE"
https://veneria.pl/11-wibratory,6,https://veneria.pl/wibratory/45497-pixie-dust-violet-pink-4061504049731.html,"Wielokolorowy stymulator ciśnieniowy Pixie Dust na USB, Satisfyer"
https://veneria.pl/11-wibratory,6,https://veneria.pl/wibratory/45495-cloud-dancer-blue-4061504049700.html,"Ciśnieniowy stymulator łechtaczki Cloud Dancer na USB, Czerwony Satisfyer"
https://veneria.pl/11-wibratory,6,https://veneria.pl/wibratory/45494-cloud-dancer-mint-4061504049694.html,"Ciśnieniowy stymulator łechtaczki Cloud Dancer na USB, Czerwony Satisfyer"
https://veneria.pl/11-wibratory,6,https://veneria.pl/wibratory/45493-cloud-dancer-redprint-4061504049687.html,"Ciśnieniowy stymulator łechtaczki Cloud Dancer na USB, Czerwony Satisfyer"
https://veneria.pl/11-wibratory,6,https://veneria.pl/wibratory/45492-g-force-violet-4061504048635.html,"Fioletowy wibrator do stymulacji punktu G - G-Force, USB Silikonowy Satisfyer"
https://veneria.pl/11-wibratory,6,https://veneria.pl/wibratory/45453-sugar-craze-pink-716770106971.html,"Różowy stymulator łechtaczki - Sugar Craze - na USB, Silikonowy - Calexotics"
https://veneria.pl/11-wibratory,6,https://veneria.pl/wibratory/45452-sugar-dream-blue-716770106964.html,"Niebieski stymulator łechtaczki - Sugar Dream - na USB, Silikonowy - Calexotics"
https://veneria.pl/11-wibratory,6,https://veneria.pl/wibratory/45422-pretty-love-melvin-12-vibration-functions-memory-function-wireless-remote-control-6959532328004.html,"Różowy wibrator dopochwowy typu motylek - Melvin - na pilota, USB PRETTY LOVE"
https://veneria.pl/11-wibratory,6,https://veneria.pl/wibratory/45411-pretty-love-full-cover-silicone-10-vibration-functions-6959532334241.html,"Fioletowy wibrator z króliczkiem do stymulacji punktu G, USB Silikonowy - Pretty Love"
https://veneria.pl/11-wibratory,6,https://veneria.pl/wibratory/45409-pretty-love-banana-knight-7-vibration-functions-6959532327687.html,"Wibrator realistyczny w kształcie banana - Banana Knight, USB PRETTY LOVE"
https://veneria.pl/11-wibratory,6,https://veneria.pl/wibratory/45406-pretty-love-banana-greek-7-vibration-functions-3-thrusting-settings-6959532327205.html,"Wibrator realistyczny w kształcie banana - Banana Knight, pulsacyjny USB PRETTY LOVE"
https://veneria.pl/11-wibratory,6,https://veneria.pl/wibratory/45404-pretty-love-murray-purple-12-vibration-functions-12-pulse-wave-settings-suction-base-6959532327717.html,"Różowy wibrator do punktu G z przyssawką - Murray - na USB, Silikonowy PRETTY LOVE"
https://veneria.pl/11-wibratory,6,https://veneria.pl/wibratory/45402-pretty-love-moth-12-vibration-functions-3-licking-settings-6959532327311.html,Error
https://veneria.pl/11-wibratory,6,https://veneria.pl/wibratory/45401-pretty-love-clitoris-vibrator-12-vibration-functions-memory-function-4-licking-settings-6959532333961.html,"Fioletowy wibrator z króliczkiem do stymulacji punktu G - USB, Silikonowy - Pretty Love"
https://veneria.pl/11-wibratory,6,https://veneria.pl/wibratory/45394-pretty-love-daisy-youth-12-vibration-functions-3-licking-settings-memory-function-6959532328615.html,"Wibrujące jajeczko i stymulator łechtaczki w jednym, 2w1 - Daisy - USB, Silikonowe - Pretty Love"
https://veneria.pl/11-wibratory,6,https://veneria.pl/wibratory/45390-pretty-love-12-vibration-functions-wireless-remote-control-6959532319804.html,"Fioletowy wibrator dopochwowy stymulujący punkt G - na pilota, USB, Silikonowy PRETTY LOVE"
https://veneria.pl/11-wibratory,6,https://veneria.pl/wibratory/45389-pretty-love-12-vibration-functions-wireless-remote-control-6959532319798.html,"Fioletowy wibrator dopochwowy stymulujący punkt G - na pilota, USB, Silikonowy PRETTY LOVE"
https://veneria.pl/11-wibratory,6,https://veneria.pl/wibratory/45387-pretty-love-magic-fish-6959532329995.html,"Ciśnieniowy stymulator łechtaczki - MAGIC FISH - na USB, Silikonowy - Pretty Love"
https://veneria.pl/11-wibratory,6,https://veneria.pl/wibratory/45295-bifun-pro-8433345207919.html,Różowy wibrator wielofunkcyjny do stymulacji pochwy i łechtaczki - na baterie Bifun Pro Alive
https://veneria.pl/11-wibratory,6,https://veneria.pl/wibratory/45270-g-force-beige-4061504048642.html,"Wibrator do stymulacji punktu G - G-Force, USB Silikonowy Satisfyer"
https://veneria.pl/11-wibratory,6,https://veneria.pl/wibratory/45268-wibrator-silicone-vibrator-usb-7-vibration-modes-heating-6972775512573.html,"Fioletowy wibrator z króliczkiem z funkcją podgrzewania, USB, Silikonowy Boss Series"
https://veneria.pl/11-wibratory,6,https://veneria.pl/wibratory/45264-stymulator-stimulator-clitoris-usb-magnetic-charging-7-frequency-vibration-6972775511446.html,"Dwustronny wibrator wielofunkcyjny do stymulacji pochwy i miejsc erogennych, USB Silikonowy Boss Series"
https://veneria.pl/11-wibratory,6,https://veneria.pl/wibratory/45261-wibrator-siliconetongue-vibrator-usb-10-function-6972775511903.html,"Fioletowy wibrator z króliczkiem z funkcją podgrzewania - na USB, Silikonowy Boss Series"
https://veneria.pl/11-wibratory,6,https://veneria.pl/wibratory/45244-power-escorts-br310-medici-g-spot-clit-stimulator-silicone-10-speed-8716718092924.html,"Czarny wibrator z króliczkiem - BR310 - na USB, Silikonowy Power Escorts"
https://veneria.pl/11-wibratory,6,https://veneria.pl/wibratory/45242-power-escorts-br306-louis-realistic-silicone-vibrator-10-speed-8716718092894.html,Czerwony wibrator realistyczny na akumulator - BR306 - Louis - Power Escorts
https://veneria.pl/11-wibratory,6,https://veneria.pl/wibratory/45214-cuties-mini-vibrator-blue-4-4024144452682.html,"Niebieski mini wibrator z króliczkiem na USB, Cuties Mini"
https://veneria.pl/11-wibratory,6,https://veneria.pl/wibratory/45212-cuties-mini-vibrator-rose-4th-4024144452668.html,Różowy wibrator dopochwowy na USB Cuties Mini Vibrator
https://veneria.pl/11-wibratory,6,https://veneria.pl/wibratory/45211-cuties-mini-vibrator-purple-4-4024144452651.html,"Fioletowy wibrator dopochwowy na USB, Cuties Mini Vibrator 4"
https://veneria.pl/11-wibratory,6,https://veneria.pl/wibratory/45210-cuties-mini-vibrator-green-4-4024144452644.html,"Zielony wibrator z króliczkiem na USB, mini Cuties Mini Vibrator 4"
https://veneria.pl/11-wibratory,6,https://veneria.pl/wibratory/45190-believer-iridescent-berry-3700436033241.html,BELIEVER - IRIDESCENT BERRY - Designerski ciśnieniowy stymulator łechtaczki na USB
https://veneria.pl/11-wibratory,6,https://veneria.pl/wibratory/45189-believer-iridescent-night-3700436033234.html,BELIEVER - IRIDESCENT NIGHT - Designerski ciśnieniowy stymulator łechtaczki na USB
https://veneria.pl/11-wibratory,6,https://veneria.pl/wibratory/45187-vive-yumi-rechargeable-triple-motor-g-spot-finger-motion-vibrator-and-flickering-tongue-stimul-8714273051899.html,"Fioletowy wielofunkcyjny wibrator Yumi stymulujący pochwę i łechtaczkę, USB Vive"
https://veneria.pl/11-wibratory,6,https://veneria.pl/wibratory/45186-vive-yumi-rechargeable-triple-motor-g-spot-finger-motion-vibrator-and-flickering-tongue-stimulator-8714273051882.html,"Różowy wielofunkcyjny wibrator Yumi stymulujący pochwę i łechtaczkę, USB Vive"
https://veneria.pl/11-wibratory,6,https://veneria.pl/wibratory/45185-vive-yuki-rechargeable-dual-motor-g-spot-vibrator-with-massaging-beads-purple-8714273051912.html,"Fioletowy wielofunkcyjny wibrator Yuki - do stymulacji punktu G i łechtaczki, USB Vive"
https://veneria.pl/11-wibratory,6,https://veneria.pl/wibratory/45184-vive-yuki-rechargeable-dual-motor-g-spot-vibrator-with-massaging-beads-pink-8714273051905.html,"Różowy wielofunkcyjny wibrator Yuki - do stymulacji punktu G i łechtaczki, USB Vive"
https://veneria.pl/11-wibratory,6,https://veneria.pl/wibratory/45181-sora-up-down-stimulating-rings-vibrating-g-spot-rabbit-8714273493286.html,"Fioletowy wibrator z króliczkiem Sora z funkcją pulsacji, USB VIVE"
https://veneria.pl/11-wibratory,6,https://veneria.pl/wibratory/45180-nari-vibrating-and-rotating-beads-g-spot-rabbit-8714273537935.html,"Fioletowy wibrator z króliczkiem Nari z funkcją rotacji na USB, Silikonowy VIVE"
https://veneria.pl/11-wibratory,6,https://veneria.pl/wibratory/45179-nari-vibrating-and-rotating-beads-g-spot-rabbit-8714273537867.html,"Różowy wibrator z króliczkiem Nari z funkcją rotacji na USB, Silikonowy VIVE"
https://veneria.pl/11-wibratory,6,https://veneria.pl/wibratory/45178-kura-thrusting-g-spot-vibrator-with-flapping-tongue-and-pulse-wave-stimulator-8714273537799.html,"Granatowy wibrator z króliczkiem KURA - stymulujący punkt G - na USB, VIVE"
https://veneria.pl/11-wibratory,6,https://veneria.pl/wibratory/45177-kura-thrusting-g-spot-vibrator-with-flapping-tongue-and-pulse-wave-stimulator-8714273537720.html,"Różowy wibrator z króliczkiem KURA - stymulujący punkt G - na USB, VIVE"
https://veneria.pl/11-wibratory,7,https://veneria.pl/wibratory/45176-mirai-double-ended-pulse-wave-air-wave-bendable-vibrator-8714273538017.html,"Fioletowy wibrator wielofunkcyjny Mirai - dwustronny, ciśnieniowy na USB, VIVE"
https://veneria.pl/11-wibratory,7,https://veneria.pl/wibratory/45175-mirai-double-ended-pulse-wave-air-wave-bendable-vibrator-8714273537942.html,"Różowy wibrator wielofunkcyjny Mirai - dwustronny, ciśnieniowy na USB, VIVE"
https://veneria.pl/11-wibratory,7,https://veneria.pl/wibratory/45174-yoko-triple-action-vibrator-dual-prongs-with-clitoral-pulse-wave-8714273537874.html,"Fioletowy wibrator dla par Yoko - Triple Action - wodoodporny, USB Vive"
https://veneria.pl/11-wibratory,7,https://veneria.pl/wibratory/45173-yoko-triple-action-vibrator-dual-prongs-with-clitoral-pulse-wave-8714273537805.html,"Różowy wibrator dla par Yoko - Triple Action - wodoodporny, USB Vive"
https://veneria.pl/11-wibratory,7,https://veneria.pl/wibratory/45172-gada-vibrating-bunny-ear-g-spot-rabbit-with-pulse-wave-shaft-8714273537737.html,"Fioletowy wibrator z króliczkiem Gada - 3 niezależne silniczki, na USB Vive"
https://veneria.pl/11-wibratory,7,https://veneria.pl/wibratory/45171-gada-vibrating-bunny-ear-g-spot-rabbit-with-pulse-wave-shaft-8714273537669.html,"Różowy wibrator z króliczkiem Gada - 3 niezależne silniczki, na USB Vive"
https://veneria.pl/11-wibratory,7,https://veneria.pl/wibratory/45170-couple-toy-with-remote-control-8714273050717.html,"Zielony wibrator dla par na akumulator, USB Silikonowy Loveline"
https://veneria.pl/11-wibratory,7,https://veneria.pl/wibratory/45168-ribbed-ultra-soft-silicone-rabbit-vibrator-glacial-blue-8714273051516.html,"Niebieski wibrator z króliczkiem na USB, stymulujący punkt G, Silikonowy Loveline"
https://veneria.pl/11-wibratory,7,https://veneria.pl/wibratory/45167-smooth-ultra-soft-silicone-rabbit-vibrator-astro-dust-8714273051509.html,"Silikonowy wibrator z króliczkiem na USB, stymulujący punkt G, Loveline"
https://veneria.pl/11-wibratory,7,https://veneria.pl/wibratory/45166-smooth-silicone-rabbit-vibrator-dark-cherry-8714273051486.html,"Bordowy wibrator z króliczkiem na USB, Silikonowy - Loveline"
https://veneria.pl/11-wibratory,7,https://veneria.pl/wibratory/45165-smooth-silicone-rabbit-vibrator-digital-lavender-8714273051479.html,"Fioletowy wibrator z króliczkiem na USB stymulujący punkt G, Silikonowy - Loveline"
https://veneria.pl/11-wibratory,7,https://veneria.pl/wibratory/45164-smooth-silicone-g-spot-vibrator-teal-blue-8714273051462.html,"Turkusowy wibrator do punktu G na USB, Silikonowy Loveline"
https://veneria.pl/11-wibratory,7,https://veneria.pl/wibratory/45138-believer-viva-mauve-3700436033272.html,"BELIEVER - VIVA MAUVE Ciśnieniowy stymulator łechtaczki na USB, Fioletowy"
https://veneria.pl/11-wibratory,7,https://veneria.pl/wibratory/45136-believer-midnight-indigo-3700436033258.html,"BELIEVER - MIDNIGHT INDIGO Ciśnieniowy stymulator łechtaczki na USB, Granatowy"
https://veneria.pl/11-wibratory,7,https://veneria.pl/wibratory/45137-believer-pink-passion-3700436033265.html,"BELIEVER - PINK PASSION Ciśnieniowy stymulator łechtaczki na USB, Różowy"
https://veneria.pl/11-wibratory,7,https://veneria.pl/wibratory/45135-believer-iridescent-turquoise-3700436033227.html,"BELIEVER - IRIDESCENT TURQUOISE Ciśnieniowy stymulator łechtaczki na USB, Turkusowy"
https://veneria.pl/11-wibratory,7,https://veneria.pl/wibratory/45134-wonderlover-viva-mauve-3700436033210.html,"WONDERLOVER - VIVA MAUVE - Wielofunkcyjny wibrator do punktu G i stymulacji łechtaczki, USB"
https://veneria.pl/11-wibratory,7,https://veneria.pl/wibratory/45133-wonderlover-pink-passion-3700436033203.html,"WONDERLOVER - PINK PASSION - Wielofunkcyjny wibrator do punktu G i stymulacji łechtaczki, USB"
https://veneria.pl/11-wibratory,7,https://veneria.pl/wibratory/45132-wonderlover-midnight-indigo-3700436033197.html,"WONDERLOVER - MIDNIGHT INDIGO - Wielofunkcyjny wibrator do punktu G i stymulacji łechtaczki, USB"
https://veneria.pl/11-wibratory,7,https://veneria.pl/wibratory/45130-wonderlover-iridescent-night-3700436033173.html,"WONDERLOVER - IRIDESCENT NIGHT - Wielofunkcyjny wibrator do punktu G i stymulacji łechtaczki, USB"
https://veneria.pl/11-wibratory,7,https://veneria.pl/wibratory/45131-wonderlover-iridescent-berry-3700436033180.html,"WONDERLOVER - IRIDESCENT BERR - Wielofunkcyjny wibrator do punktu G i stymulacji łechtaczki, USB"
https://veneria.pl/11-wibratory,7,https://veneria.pl/wibratory/45129-wonderlover-iridescent-turquoise-3700436033166.html,"WONDERLOVER - IRIDESCENT TURQUOISE - Wielofunkcyjny wibrator do punktu G i stymulacji łechtaczki, USB"
https://veneria.pl/11-wibratory,7,https://veneria.pl/wibratory/44934-pawn-shaped-anal-vibrator-peacock-plume-8714273050731.html,"Pawn Shaped - Peacock Plume - Wibrator analny na USB z uchwytem, Zielony"
https://veneria.pl/11-wibratory,7,https://veneria.pl/wibratory/44920-glam-rabbit-vibe-8720365101656.html,"GLAM RABBIT VIBE - Profesjonalny wibrator z króliczkiem stymulującym punkt G, Bordowy USB"
https://veneria.pl/11-wibratory,7,https://veneria.pl/wibratory/44915-glam-strong-bullet-vibe-8720365100918.html,"GLAM STRONG BULLET VIBE - Profesjonalny Klasyczny wibrator typu pocisk na USB, Bordowy"
https://veneria.pl/11-wibratory,7,https://veneria.pl/wibratory/44916-glam-bendable-g-spot-vibe-8720365100925.html,"GLAM BENDABLE G-SPOT VIBE - Wibrator do stymulacji punktu G, USB Bordowy"
https://veneria.pl/11-wibratory,7,https://veneria.pl/wibratory/44917-glam-dual-wand-vibe-8720365100963.html,"GLAM DUAL WAND VIBE - Profesjonalny wielofunkcyjny stymulator Wand i punktu G na USB, Czarny"
https://veneria.pl/11-wibratory,7,https://veneria.pl/wibratory/44918-glam-flexible-g-spot-vibe-8720365100987.html,"GLAM FLEXIBLE G-SPOT VIBE - Profesjonalny wibrator do punktu G na USB, Czarny"
https://veneria.pl/11-wibratory,7,https://veneria.pl/wibratory/44913-essentials-anywhere-pleasure-vibe-pink-8720365103353.html,"Wielofunkcyjny wibrator analno-waginalny 4w1, dwustronny, Różowy"
https://veneria.pl/11-wibratory,7,https://veneria.pl/wibratory/44858-nalone-curve-clitoral-stimulator-700461030577.html,"Nalone-Curve Clitoral - Profesjonalny stymulator łechtaczki na USB, Różowy"
https://veneria.pl/11-wibratory,7,https://veneria.pl/wibratory/44827-ultra-soft-silicone-g-spot-vibrator-basalt-grey-8714273051493.html,"Ultra Soft Silicone G-Spot Vibrator - Basalt Grey - Wibrator do stymulacji punktu G, USB"
https://veneria.pl/11-wibratory,7,https://veneria.pl/wibratory/44818-curvy-trinity-1-red-4061504036496.html,"Curvy Trinity 1 Wielofunkcyjny wibrator do punktu G ze stymulacją ciśnieniową, USB"
https://veneria.pl/11-wibratory,7,https://veneria.pl/wibratory/44815-triple-lover-pink-4061504018218.html,"Triple Lover pink Wielofunkcyjny wibrator z króliczkiem i masażer Wand 2w1, USB"
https://veneria.pl/11-wibratory,7,https://veneria.pl/wand/44814-triple-lover-grey-4061504018201.html,"Triple Lover - Wielofunkcyjny wibrator z króliczkiem oraz masażer Wand - 2w1, USB Czarny"
https://veneria.pl/11-wibratory,7,https://veneria.pl/wibratory/44808-mika-triple-rabbit-with-g-spot-flapping-purple-8714273051851.html,"Mika - Profesjonalny wibrator z króliczkiem stymulujący punkt G, USB"
https://veneria.pl/11-wibratory,7,https://veneria.pl/wibratory/44807-mika-triple-rabbit-with-g-spot-flapping-pink-8714273051844.html,"Mika - Profesjonalny wibrator z króliczkiem stymulujący punkt G, USB"
https://veneria.pl/11-wibratory,7,https://veneria.pl/wibratory/44796-pretty-love-isaac-usb-77-vibration-function-6959532322644.html,"PRETTY LOVE - ISAAC, USB Stymulator łechtaczki na USB"
https://veneria.pl/11-wibratory,7,https://veneria.pl/wibratory/44748-omg-baby-pink-gift-set-3700436033128.html,"Różowy wibrator do punktu G OMG BABY na akumulator - zestaw, USB Love to Love"
https://veneria.pl/11-wibratory,7,https://veneria.pl/wibratory/44746-my-1st-vibe-gift-set-3700436033104.html,"Czarny wibrator dopochwowy MY 1ST VIBE z lubrykantem, na baterie, Love to Love"
https://veneria.pl/11-wibratory,7,https://veneria.pl/wibratory/44734-control-clit-tok-masazer-8058664159970.html,Control Clit Tok - Zielony stymulator łechtaczki na USB
https://veneria.pl/11-wibratory,8,https://veneria.pl/wibratory/44733-control-feel-xl-wibrator-8058664108336.html,"Control Feel XL - wibrator klasyczny na baterie, różowy"
https://veneria.pl/11-wibratory,8,https://veneria.pl/wibratory/44731-control-cosmic-pleasure-mini-wibrator-punktu-g-8058664108053.html,"Control Cosmic Pleasure - mini wibrator punktu G na baterie, Różowy"
https://veneria.pl/11-wibratory,8,https://veneria.pl/wibratory/44726-control-velvet-secret-wibrator-8411134131003.html,"Control Velvet Secret - wibrator klasyczny na baterie, Różowy"
https://veneria.pl/11-wibratory,8,https://veneria.pl/wibratory/44725-control-double-vibes-masazer-kroliczek-8058664130252.html,Control Double Vibes - Różowy stymulator łechtaczki na baterie
https://veneria.pl/11-wibratory,8,https://veneria.pl/wibratory/44643-lelo-mona-2-vibrator-cerise-7350022277601.html,"LELO- Mona 2 Vibrator Cerise - Designerski wibrator do stymlacji punktu G, USB"
https://veneria.pl/11-wibratory,8,https://veneria.pl/wibratory/44587-inty-toys-switch-7422256287296.html,"INTY Toys - Switch - Wielofunkcyjny wibrator dla par, USB"
https://veneria.pl/11-wibratory,8,https://veneria.pl/wibratory/44585-inty-toys-dash-7422256288224.html,"INTY Toys - Dash Wibrator do stymulacji punktu G, USB Czarny"
https://veneria.pl/11-wibratory,8,https://veneria.pl/zakladany/44584-inty-toys-ace-7422256288231.html,"INTY Toys - Ace - Masażer punktu G i łechtaczki na pilota, USB"
https://veneria.pl/11-wibratory,8,https://veneria.pl/wibratory/44582-vibrating-necklace-liberty-leaf-8594212128062.html,"Liberty Leaf - Dyskretny stymulator łechtaczki - designerski, USB Zielony"
https://veneria.pl/11-wibratory,8,https://veneria.pl/wibratory/44477-rechargeable-glow-in-the-dark-music-massager-6970260906753.html,Glow-in-the-dark Music Massager - Masażer na USB
https://veneria.pl/11-wibratory,8,https://veneria.pl/wibratory/44476-rechargeable-glow-in-the-dark-heart-massager-6970260906746.html,"Heart Massager Świecący w ciemności masażer, USB"
https://veneria.pl/11-wibratory,8,https://veneria.pl/wibratory/44475-rechargeable-diana-massager-6970260901604.html,"Rechargeable Diana Massager - Elegancki stymulator łechtaczki, USB"
https://veneria.pl/11-wibratory,8,https://veneria.pl/wibratory/44474-rechargeable-donut-massager-6970260900720.html,"Rechargeable Donut Massager - Elegancki stymulator łechtaczki, USB"
https://veneria.pl/11-wibratory,8,https://veneria.pl/wibratory/44447-fireball-plum-star-3700436032787.html,Love to Love FIREBALL - PLUM STAR - Wielofunkcyjny wibrator do masażu i zabaw erotycznych
https://veneria.pl/11-wibratory,8,https://veneria.pl/wibratory/44445-hear-me-enjoy-mint-3700436032152.html,"Love to Love HEAR ME - ENJOY MINT - Wielofunkcyjny stymulator do miejsc erogennych, USB"
https://veneria.pl/11-wibratory,8,https://veneria.pl/realistyczne/44434-black-bondage-rope-5m-8606018631759.html,"Black Bondage Rope 5m Lina do krępowania, Czarny BDSM"
https://veneria.pl/11-wibratory,8,https://veneria.pl/wibratory/44431-rotating-wearable-dual-vibrator-5903661809515.html,"Boss Series Rotating wearable dual vibrator - Stymulator dla par na pilota, Różowy USB"
https://veneria.pl/11-wibratory,8,https://veneria.pl/wibratory/44416-mini-vibrator-5903661809393.html,"Mini Vibrator - Stymulator łechtaczki na USB, Różowy"
https://veneria.pl/11-wibratory,8,https://veneria.pl/wibratory/44413-flirting-tongue-licking-vibrator-5903661809362.html,Flirting Tongue Licking - Elegancki stymulator łechtaczki na USB
https://veneria.pl/11-wibratory,8,https://veneria.pl/wibratory/44411-dual-vibration-g-spot-stimulator-5903661809355.html,"Boss Series Dual G Spot - Stymulator do punktu G, USB Różowy"
https://veneria.pl/11-wibratory,8,https://veneria.pl/wibratory/44408-me-you-us-thor-11-realistic-vibrator-flesh-96--5060365092978.html,"Me You Us Thor 11 Realistic Vibrator 9.6' - Realistyczny wibrator na baterie, Cieliste"
https://veneria.pl/11-wibratory,8,https://veneria.pl/wibratory/44316-tickler-black-silicone-gspot-vibrator-rechargeable-8716718049959.html,"Power Escorts Tickler Pink Silicone GSpot - Wibrator stymulujący punkt G, USB"
https://veneria.pl/11-wibratory,8,https://veneria.pl/wibratory/44296-james-deen-85-vibrating-dildo-759746109163.html,"Chisa JAMES DEEN 8.5"""" Vibrating Dildo - Realistyczny wibrator na pilota, Cielisty"
https://veneria.pl/11-wibratory,8,https://veneria.pl/wibratory/44287-pink-bullet-8606018631919.html,"Argus Pink bullet - Klasyczny stymulator łechtaczki na baterie, Różowy"
https://veneria.pl/11-wibratory,8,https://veneria.pl/wibratory/44286-elf-family-4-8606018631902.html,"Argus Elf family 4 - Stymulator łechtaczki na USB, Różowy"
https://veneria.pl/11-wibratory,8,https://veneria.pl/wibratory/44285-elf-family-3-8606018631896.html,"Argus Elf family 3 - Stymulator łechtaczki na USB, Różówy"
https://veneria.pl/11-wibratory,8,https://veneria.pl/wibratory/44284-elf-family-2-8606018631889.html,"Argus Elf family 2 - Stymulator łechtaczki i punktu G, USB"
https://veneria.pl/11-wibratory,8,https://veneria.pl/wibratory/44283-elf-family-1-8606018631872.html,"Argus Elf family 1 - Stymulator łechtaczki na USB, Różówy"
https://veneria.pl/11-wibratory,8,https://veneria.pl/wibratory/44282-bendable-bunny-pink-8606018631865.html,"Argus Bendable bunny Pink - Klasyczny wibrator z króliczkiem na USB, Różowy"
https://veneria.pl/11-wibratory,8,https://veneria.pl/wibratory/44263-sweet-smile-g-spot-rabbit-vibr-4024144239658.html,"Sweet Smile G-Spot Rabbit Vibr - Wibrator z króliczkiem stymulujący punkt G, USB"
https://veneria.pl/11-wibratory,8,https://veneria.pl/wibratory/44241-spot-on-1-berry-4061504044293.html,"Satisfyer Spot On 1 berry - Elegancki stymulator łechtaczki, USB Bordowy"
https://veneria.pl/11-wibratory,8,https://veneria.pl/wibratory/44240-spot-on-1-green-4061504044286.html,"Satisfyer Spot On 1 green - Elegancki stymulator łechtaczki, USB Zielony"
https://veneria.pl/11-wibratory,8,https://veneria.pl/wibratory/44239-air-pump-booty-2-dark-grey-4061504038643.html,Satisfyer Air Pump Booty 2 dark grey - Pompowany wibrator analny
https://veneria.pl/11-wibratory,8,https://veneria.pl/wibratory/44238-air-pump-vibrator-2-light-red-4061504038605.html,"Satisfyer Air Pump Vibrator 2 - Pompowany wibrator do stymulacji punktu G, USB"
https://veneria.pl/11-wibratory,8,https://veneria.pl/wibratory/44237-air-pump-bunny-2-light-red-4061504038575.html,"Satisfyer Air Pump Bunny 2 - Nadmuchiwany wibrator z króliczkiem, USB"
https://veneria.pl/11-wibratory,8,https://veneria.pl/wibratory/44235-softies-mini-rabbit-4024144223411.html,Cuties Softies Mini Rabbit - Mini wibrator z króliczkiem - na USB
https://veneria.pl/11-wibratory,8,https://veneria.pl/wibratory/44234-softies-mini-g-spot-4024144223404.html,Cuties Softies Mini G-Spot - Mini wibrator do punktu G - na USB
https://veneria.pl/11-wibratory,8,https://veneria.pl/wibratory/44233-softies-mini-vibrator-4024144223398.html,Cuties Softies Mini Vibrator - Mini stymulator do punktu G - na USB
https://veneria.pl/11-wibratory,8,https://veneria.pl/wibratory/44181-cupa-warming-vibrator-4024144128044.html,"CUPA Warming Vibrator -Wielofunkcyjny wibrator z funkcją podgrzewania, USB Czarny"
https://veneria.pl/11-wibratory,8,https://veneria.pl/wibratory/44172-gaia-eco-bullet-coral-819835022978.html,"GAIA ECO BULLET CORAL - Mini wibrator typu ""Pocisk"", Różowy"
https://veneria.pl/11-wibratory,9,https://veneria.pl/wibratory/44161-gold-vibrator-4024144564880.html,"You2Toys Gold Vibrator - Klasyczny wibrator na baterie, Złoty"
https://veneria.pl/11-wibratory,9,https://veneria.pl/wibratory/44154-model-1-8-vibration-8433345225876.html,"Model 1 8"" Vibration - Realistyczny wibrator z przyssawką, USB Cielisty"
https://veneria.pl/11-wibratory,9,https://veneria.pl/wibratory/44153-daisy-massager-pink-8433345112510.html,"Daisy - Ciśnieniowy stymulator łechtaczki na USB, Różowy"
https://veneria.pl/11-wibratory,9,https://veneria.pl/wibratory/44148-gaia-eco-bullet-aqua-819835022985.html,"Blush GAIA ECO BULLET AQUA - Mini wibrator typu ""Pocisk"", Miętowy"
https://veneria.pl/11-wibratory,9,https://veneria.pl/wibratory/44118-orca-double-air-pulse-vibrator-4061504045184.html,"Satisfyer Orca Double Air Pulse - Ciśnieniowy Stymulator łechtaczki ""orka"", USB"
https://veneria.pl/11-wibratory,9,https://veneria.pl/wibratory/44117-bullet-rechargeable-4024144181773.html,"Magic Shiver Bullet - Elegancki wibrator typu ""Pocisk"", USB Bordowy"
https://veneria.pl/11-wibratory,9,https://veneria.pl/wibratory/44116-vibrator-rechargeable-4024144181728.html,"Magic Shiver - Wibrator do stymulacji punktu G, USB Bordowy"
https://veneria.pl/11-wibratory,9,https://veneria.pl/wibratory/44110-gitd-rabbit-vibrator-4024144241026.html,"You2Toys GITD Rabbit Vibrator - Świecący w ciemności wibrator z króliczkiem, USB"
https://veneria.pl/11-wibratory,9,https://veneria.pl/wibratory/44109-gitd-g-spot-vibrator-4024144241019.html,You2Toys GITD G-Spot - Świecący w ciemności wibrator do punktu G
https://veneria.pl/11-wibratory,9,https://veneria.pl/wibratory/44083-javida-triple-vibe-4024144227822.html,"Javida Triple Vibe - Wibrator z króliczkiem do potrójnej stymulacji, USB"
https://veneria.pl/11-wibratory,9,https://veneria.pl/wibratory/44012-javida-thumping-rabbit-vibrato-4024144228065.html,"Javida Thumping Rabbit Vibrato - Wibrator z króliczkiem na USB, Fioletowy"
https://veneria.pl/11-wibratory,9,https://veneria.pl/wibratory/43991-greal-mini-fuchsia-5060320510646.html,"G-Vibe Greal MINI - Fuchsia - Realistyczny wibrator z przyssawką, USB Różówy"
https://veneria.pl/11-wibratory,9,https://veneria.pl/wibratory/43977-joystick-voyage-green-4028403155031.html,Joystick Voyage Green - Klasyczny elegancki wibrator na baterie
https://veneria.pl/11-wibratory,9,https://veneria.pl/wibratory/43959-pillow-talk-secrets-choices-6-piece-mini-massager-set-navy-blue-rose-gold-677613365149.html,"Pillow Talk - Secrets Choices - Stymulator łechtaczki z wymiennymi końcówkami, USB"
https://veneria.pl/11-wibratory,9,https://veneria.pl/wibratory/43957-pillow-talk-secrets-playfulclitoral-vibrator-blue-677613275141.html,"Pillow Talk - Secrets PlayfulClitoral - Stymulator łechtaczki na USB, Niebieski"
https://veneria.pl/11-wibratory,9,https://veneria.pl/wibratory/43938-pro-2-generation-3-with-liquid-air-lilac-4061504051895.html,"Satisfyer Pro 2 Generation 3 - Ciśnieniowy stymulator łechtaczki, USB"
https://veneria.pl/11-wibratory,9,https://veneria.pl/wibratory/43937-pro-2-generation-3-with-liquid-air-black-4061504051888.html,"Satisfyer Pro 2 Generation 3 - Ciśnieniowy stymulator łechtaczki, USB"
https://veneria.pl/11-wibratory,9,https://veneria.pl/wibratory/43912-javida-rc-shakingvibrating-pa-4024144183425.html,"Javida RC Shaking&vibrating Pa - Masażer motylek na pilota LRS, USB"
https://veneria.pl/11-wibratory,9,https://veneria.pl/wibratory/43880-rabbit-massager-8713221823151.html,"ToyJoy Rabbit Massager - Wibrator z króliczkiem na USB, Fioletowy"
https://veneria.pl/11-wibratory,9,https://veneria.pl/wibratory/43870-thrill-soft-silicone-g-spot-8713221821409.html,"ToyJoy Thrill Soft Silicone G-Spot - Wibrator do punktu G, USB"
https://veneria.pl/11-wibratory,9,https://veneria.pl/wibratory/43869-intense-soft-silicone-rabbit-8713221821393.html,"ToyJoy Intense Soft Silicone Rabbit - Wibrator z króliczkiem, USB Czerwony"
https://veneria.pl/11-wibratory,9,https://veneria.pl/wibratory/43862-cupid-arrow-double-phallus-8056389738289.html,Elys Cupid Arrow Double Phallus - Realistyczny dwustronny wibrator na USB
https://veneria.pl/11-wibratory,9,https://veneria.pl/wibratory/43708-luxe-nova-purple-657447104961.html,"NS Novelties LUXE NOVA - Elegancki wibrator z ciśnieniowym króliczkiem, USB Fioletowy"
https://veneria.pl/11-wibratory,9,https://veneria.pl/wibratory/43619-pretty-love-amour-12-vibration-functions-6959532309676.html,"PRETTY LOVE - Amour - Wibrator do stymulacji punktu G, USB Fioletowy"
https://veneria.pl/11-wibratory,9,https://veneria.pl/wibratory/43575-zoa-intimate-massager-black-697309906043.html,"Shunga ZOA Intimate Massager Black - Profesjonalny dwustronny masażer - 2w1, USB Czarny"
https://veneria.pl/11-wibratory,9,https://veneria.pl/wibratory/43574-zoa-intimate-massager-light-pink-697309906029.html,"Shunga ZOA Intimate Massager Light Pink - Profesjonalny dwustronny masażer - 2w1, USB Różowy"
https://veneria.pl/11-wibratory,9,https://veneria.pl/wibratory/43573-zoa-intimate-massager-raspberry-697309906012.html,"Shunga ZOA Intimate Massager Raspberry - Profesjonalny dwustronny masażer - 2w1, USB Czerwony"
https://veneria.pl/11-wibratory,9,https://veneria.pl/wibratory/43567-miyo-intimate-massager-black-697309905046.html,"Shunga MIYO Intimate Massager Black - Profesjonalny stymulator łechtaczkowo-waginalny, USB"
https://veneria.pl/11-wibratory,9,https://veneria.pl/wibratory/43566-miyo-intimate-massager-purple-697309905039.html,"Shunga MIYO Intimate Massager Purple - Profesjonalny stymulator łechtaczkowo-waginalny, USB"
https://veneria.pl/11-wibratory,9,https://veneria.pl/wibratory/43565-miyo-intimate-massager-light-pink-697309905022.html,"Shunga MIYO Intimate Massager Light Pink - Profesjonalny stymulator łechtaczkowo-waginalny, USB"
https://veneria.pl/11-wibratory,9,https://veneria.pl/wibratory/43564-miyo-intimate-massager-raspberry-697309905015.html,"Shunga MIYO Intimate Massager Raspberry - Profesjonalny stymulator łechtaczkowo-waginalny, USB"
https://veneria.pl/11-wibratory,9,https://veneria.pl/wibratory/43543-soyo-intimate-massager-black-697309904049.html,"Shunga SOYO Intimate Massager Black - Profesjonalny wibrator do stymulacji waginalno-łechtaczkowej, USB"
https://veneria.pl/11-wibratory,9,https://veneria.pl/wibratory/43542-soyo-intimate-massager-purple-697309904032.html,"Shunga SOYO Intimate Massager Purple - Profesjonalny wibrator do stymulacji waginalno-łechtaczkowej, USB"
https://veneria.pl/11-wibratory,9,https://veneria.pl/wibratory/43541-soyo-intimate-massager-light-pink-697309904025.html,"Shunga SOYO Intimate Massager Light Pink - Profesjonalny wibrator do stymulacji waginalno-łechtaczkowej, USB"
https://veneria.pl/11-wibratory,9,https://veneria.pl/wibratory/43540-soyo-intimate-massager-raspberry-697309904018.html,"Shunga SOYO Intimate Massager Raspberry - Profesjonalny wibrator do stymulacji waginalno-łechtaczkowej, USB"
https://veneria.pl/11-wibratory,9,https://veneria.pl/wibratory/43538-sanya-intimate-massager-purple-697309903035.html,"Shunga SANYA Intimate Massager Purple - Elegancki wibrator o designerskim kształcie, USB"
https://veneria.pl/11-wibratory,9,https://veneria.pl/wibratory/43537-sanya-intimate-massager-light-pink-697309903028.html,"Shunga SANYA Intimate Massager Light Pink - Elegancki wibrator o designerskim kształcie, USB"
https://veneria.pl/11-wibratory,9,https://veneria.pl/wibratory/43536-sanya-intimate-massager-raspberry-697309903011.html,"Shunga SANYA Intimate Massager Raspberry - Elegancki wibrator o designerskim kształcie, USB"
https://veneria.pl/11-wibratory,9,https://veneria.pl/wibratory/43520-aiko-intimate-massager-black-697309902045.html,"Shunga AIKO Intimate Massager Black - Profesjonalny podwójny wibrator do stymulacji waginy i łechtaczki, USB"
https://veneria.pl/11-wibratory,9,https://veneria.pl/wibratory/43519-aiko-intimate-massager-light-pink-697309902021.html,"Shunga AIKO Intimate Massager Light Pink - Profesjonalny podwójny wibrator do stymulacji waginy i łechtaczki, USB"
https://veneria.pl/11-wibratory,10,https://veneria.pl/wibratory/43518-aiko-intimate-massager-raspberry-697309902014.html,"Shunga AIKO Intimate Massager Raspberry - Profesjonalny podwójny wibrator do stymulacji waginy i łechtaczki, USB"
https://veneria.pl/11-wibratory,10,https://veneria.pl/wibratory/43501-obi-intimate-massager-black-697309901048.html,Shunga OBI Intimate Massager Black - Profesjonalny stymulator łechtaczki na USB
https://veneria.pl/11-wibratory,10,https://veneria.pl/wibratory/43500-obi-intimate-massager-purple-697309901031.html,Shunga OBI Intimate Massager Purple - Profesjonalny stymulator łechtaczki na USB
https://veneria.pl/11-wibratory,10,https://veneria.pl/wibratory/43499-obi-intimate-massager-light-pink-697309901024.html,Shunga OBI Intimate Massager Light Pink - Profesjonalny stymulator łechtaczki na USB
https://veneria.pl/11-wibratory,10,https://veneria.pl/wibratory/43498-obi-intimate-massager-raspberry-697309901017.html,"OBI Intimate Massager Raspberry Designerski stymulator łechtaczki na USB, Czerwony"
https://veneria.pl/11-wibratory,10,https://veneria.pl/wibratory/43449-na-8-rotatingvibrating-dong-v-677613881250.html,"Nature Skin NA Dong V - Realistyczny wibrator z funkcją rotacji na USB, Cielisty"
https://veneria.pl/11-wibratory,10,https://veneria.pl/wibratory/43435-rocket-black-rechargeable-bullet-8433345337050.html,"Adrien Lastic Rocket Black - Klasyczny elegancki wibrator typu pocisk, USB"
https://veneria.pl/11-wibratory,10,https://veneria.pl/wibratory/43431-king-cock-plus-triple-threat-603912765786.html,"Pipedream King Cock Plus Triple Threat - Realistyczny wibrator z funkcja podgrzewania, USB"
https://veneria.pl/11-wibratory,10,https://veneria.pl/wibratory/43418-wibrator-lilo-usb-purple-5903661807061.html,"Fioletowy wibrator z króliczkiem - Lilo - z funkcją podgrzewania, USB, wyświetlacz, Boss Series"
https://veneria.pl/11-wibratory,10,https://veneria.pl/wibratory/43415-pillow-talk-racy-mini-massager-special-edition-677613269157.html,"Pillow Talk - Racy - Mini stymulator do punktu G na USB, Fioletowy"
https://veneria.pl/11-wibratory,10,https://veneria.pl/wibratory/43414-pillow-talk-flirty-mini-massager-special-edition-677613266156.html,"Pillow Talk - Flirty - Mini wibrator do stymulacji łechtaczki na USB, Fioletowy"
https://veneria.pl/11-wibratory,10,https://veneria.pl/wibratory/43345-contour-kali-716770103468.html,Calexotics Contour Kali - Elegancki wibrator z króliczkiem na USB
https://veneria.pl/11-wibratory,10,https://veneria.pl/wibratory/43344-contour-zoie-716770103451.html,CalexoticsContour Zoie - Elegancki wibrator z króliczkiem na USB
https://veneria.pl/11-wibratory,10,https://veneria.pl/wibratory/43329-french-kiss-sweet-talker-716770094773.html,"Calexotics French Kiss Sweet Talker - Stymulator łechtaczki z języczkiem, USB Czerwony"
https://veneria.pl/11-wibratory,10,https://veneria.pl/wibratory/43280-pro-to-go-2-mint-4061504045108.html,"Satisfyer Pro To Go 2 mint - Elegancki stymulator łechtaczki, USB"
https://veneria.pl/11-wibratory,10,https://veneria.pl/wibratory/43278-touch-me-red-4061504036649.html,"Satisfyer Touch me - Wibrator z króliczkiem na USB, Czerwony"
https://veneria.pl/11-wibratory,10,https://veneria.pl/wibratory/43277-touch-me-blue-4061504036632.html,"Satisfyer Touch me - Wibrator z króliczkiem na USB, Niebieski"
https://veneria.pl/11-wibratory,10,https://veneria.pl/wibratory/43276-love-me-red-4061504036625.html,"Satisfyer Love me red - Designerski wibrator do punktu G i łechtaczki, USB"
