product name,product link,page number
"Żel stymulujący, wibrator w płynie Intt Ice",https://www.venus.net.pl/257881-zel-stymulujacy-wibrator-w-plynie-intt-ice-5600304015301.html,1
Żel stymulujący o smaku truskawki Intt...,https://www.venus.net.pl/257882-zel-stymulujacy-o-smaku-truskawki-intt-vibration-strawberry-15-ml-5600304015325.html,1
Żel stymulujący o smaku wódki Intt...,https://www.venus.net.pl/257883-zel-stymulujacy-o-smaku-wodki-intt-vibration-vodka-energy-15ml-5600304015318.html,1
Żel stymulujący o smaku konopii Intt...,https://www.venus.net.pl/262012-zel-stymulujacy-o-smaku-konopii-intt-vibration-ganjah-15-ml-5600304015332.html,1
Żel stymulujący o smaku gumy balonowej...,https://www.venus.net.pl/262017-zel-stymulujacy-o-smaku-gumy-balonowej-intt-vibration-bubble-gum-15-ml-5600304015486.html,1
Żel stymulujący o smaku kawy Intt...,https://www.venus.net.pl/265677-zel-stymulujacy-o-smaku-kawy-intt-vibration-coffee-15-ml-5600304015547.html,1
Żel stymulujący o smaku ginu z tonikiem...,https://www.venus.net.pl/287547-zel-stymulujacy-o-smaku-ginu-z-tonikiem-vibration-gin-and-tonic-15-ml-5600304015493.html,1
Żel wibrujący o smaku waty cukrowej Intt...,https://www.venus.net.pl/338655-zel-wibrujacy-o-smaku-waty-cukrowej-intt-vibration-cotton-candy-liquid-vibrator-15ml-5600781416240.html,1
Krem stymulujący Atomic for Woman Gel 10 ml,https://www.venus.net.pl/16663-zel-silikonowy-jo-for-woman-clitoral-atomic-gel-10-ml-796494401798.html,1
Krem stymulujący Warm & Buzzy Stimulant 10 ml,https://www.venus.net.pl/218356-jo-warm-buzzy-stimulant-10ml-796494412169.html,1
Żel stymulujący dla kobiet Shiatsu Ginger...,https://www.venus.net.pl/260992-zel-sprej-stimulation-gel-ginger-cinnamon-30mlfor-women-4042342005158.html,1
Stymulujący żel dla kobiet O Stimulation...,https://www.venus.net.pl/190236-pobudzajacy-zel-dla-kobiet-hot-o-stimulation-gel-women-15-ml-4042342003550.html,1
Żel stymulujący TripleX Pleasure Enhancer...,https://www.venus.net.pl/262620-triplex-pleasure-enhancer-gel-8435097836515.html,1
Krem stymulujący Lady Orgasm for Women 15 ml,https://www.venus.net.pl/269589-lady-orgasm-15-ml-cream-for-woman-3479228000470.html,1
Spray stymulujący Wow! Strawberry Ice...,https://www.venus.net.pl/298995-spray-stymulujacy-wow-strawberry-ice-bucal-spray-10-ml-5600298351935.html,1
Krem na erekcję Ero Prorino Erection Cream...,https://www.venus.net.pl/96864-krem-na-erekcje-ero-prorino-erection-cream-for-men-100ml-4042342003307.html,1
Krem powiększający penisa Diehard Penis...,https://www.venus.net.pl/235526-krem-powiekszajacy-penisa-diehard-penis-enlarger-50-ml-8714273302182.html,1
Krem na erekcję Prorino XXL Gold Edition 50ml,https://www.venus.net.pl/289191-prorino-xxl-gold-edition-4042342004540.html,1
Krem wspomagający dla mężczyzn Ero Prorino...,https://www.venus.net.pl/292644-krem-wspomagajacy-dla-mezczyzn-ero-prorino-rino-cream-strong-50ml-4042342004373.html,1
Krem na powiększenie penisa Prorino XXXL...,https://www.venus.net.pl/331029-krem-na-powiekszenie-penisa-prorino-xxxl-cream-for-men-65ml-4042342004441.html,1
Żel na powiększenie penisa Maxi Size 150 ml,https://www.venus.net.pl/233419-zel-na-powiekszenie-penisa-maxi-size-150-ml-5907776180194.html,1
Krem na powiększenie penisa Boo...,https://www.venus.net.pl/284030-krem-na-powiekszenie-penisa-boo-enlargement-cream-men-50-ml-8719632670131.html,1
Krem powiększający penisa Penimax 50ml,https://www.venus.net.pl/286246-krem-powiekszajacy-penisa-penimax-50ml-3548960010532.html,1
Serum opóźniające wytrysk Orgie Xtra Time...,https://www.venus.net.pl/262781-serum-opozniajace-wytrysk-orgie-xtra-time-15ml-5600298351218.html,1
Krem opóźniający wytrysk Erecta Extend...,https://www.venus.net.pl/8447-krem-opozniajacy-wytrysk-erecta-extend-penis-cream-40ml-8713221216618.html,1
Krem przedłużający stosunek Ero Prorino...,https://www.venus.net.pl/240284-ero-prorino-long-power-delay-cream-50ml-4042342004564.html,1
Żel opóźniający wytrysk Cobeco Clove Delay...,https://www.venus.net.pl/285563-zel-opozniajacy-wytrysk-cobeco-clove-delay-gel-60-ml-8718546549366.html,1
Spray opóźniający wytrysk Stud Delay Spray...,https://www.venus.net.pl/1925-spray-opozniajacy-wytrysk-stud-delay-spray-15ml-8717344171397.html,1
Spray opóźniający wytrysk Retard 907,https://www.venus.net.pl/15996-spray-opozniajacy-wytrysk-retard-907-3548960030813.html,1
Spray opóźniający wytrysk Orgasm Off 50ml,https://www.venus.net.pl/234630-spray-opozniajacy-wytrysk-orgasm-off-50ml-5903268070349.html,1
Spray przedłużający stosunek dla mężczyzn...,https://www.venus.net.pl/255563-stud-100ml-5903268070462.html,1
Krople pobudzające Shs Sex Elixir Premium...,https://www.venus.net.pl/216237-krople-pobudzajace-shs-sex-elixir-premium-100ml-20011190.html,1
Krople pobudzające Spanish Fly Extreme Men...,https://www.venus.net.pl/84260-krople-spanish-fly-extreme-men-30ml-4042342002256.html,1
Krople pobudzające Love Drops 30 ml,https://www.venus.net.pl/84264-krople-pobudzajace-ero-love-drops-30-ml-4042342002294.html,1
Krople na Libido Elixir For Women 30ml,https://www.venus.net.pl/265831-krople-na-libido-elixir-for-women-30ml-5907632923385.html,1
Krople wzmagające doznania seksualne...,https://www.venus.net.pl/8389-krople-wzmagajace-doznania-seksualne-spanish-fly-gold-15ml-8717344178778.html,1
Krople pobudzające Love Drops Power 30ml,https://www.venus.net.pl/232376-love-drops-power-30ml-1400000000205.html,1
Krople zwiększające libido Sex Elixir 15ml,https://www.venus.net.pl/234563-sex-elixir-15-ml-000001700008.html,1
Jadalny olejek do masażu Warm Up...,https://www.venus.net.pl/7614-jadalny-olejek-do-masazu-warm-up-strawberry-150ml-4028403143144.html,1
Jadalny olejek do masażu Warm Up Caramel...,https://www.venus.net.pl/12409-rozgrzewajacy-olejek-do-masazu-o-karmelowym-smaku-warmup-caramel-150ml-4028403143250.html,1
Jadalny olejek do masażu Warm Up Mango +...,https://www.venus.net.pl/218871-warmup-mangomaracuja-150-ml-4028403143311.html,1
Jadalny olejek do masażu Warm Up Mint 150 ml,https://www.venus.net.pl/298396-jadalny-olejek-do-masazu-warm-up-mint-150-ml-4028403143335.html,1
Olejek do masażu Shunga Aphrodisiac Oil 100ml,https://www.venus.net.pl/78337-olejek-do-masazu-shunga-aphrodisiac-oil-100ml-697309020060.html,1
Olejek do masażu Shunga Aphrodisiac Oil...,https://www.venus.net.pl/78338-olejek-do-masazu-shunga-aphrodisiac-oil-vanilla-100ml-697309020077.html,1
Olejek do masażu Shunga Aphrodisiac Oil...,https://www.venus.net.pl/81891-olejek-do-masazu-shunga-aphrodisiac-oil-romance-100ml-697309020084.html,1
Olejek do masażu Shunga Irresistible Asian...,https://www.venus.net.pl/270569-shunga-massage-al-irresistible-asian-fusion-240ml-697309012188.html,1
Świeca do masażu Shunga Candle Vanilla...,https://www.venus.net.pl/199863-swieca-do-masazu-shunga-candle-30-ml-fetish-desire-697309046015.html,1
Świeca do masażu Shunga Candle Excitation...,https://www.venus.net.pl/201774-shunga-excitation-massage-candle-30-ml-697309046091.html,1
Czekoladowa świeca do masażu Shunga...,https://www.venus.net.pl/212537-shunga-excitation-massage-candle-170-ml-697309045094.html,1
Zestaw świec do masażu Ouch!,https://www.venus.net.pl/291350-massage-candle-set-pheromone-vanilla-rose-scented-8714273544384.html,1
Perfumy damskie z feromonami PheroStrong...,https://www.venus.net.pl/298899-perfumy-damskie-z-feromonami-pherostrong-pheromone-beauty-for-women-50ml-5905669259927.html,1
Damskie perfumy z feromonami PheroStrong...,https://www.venus.net.pl/300952-damskie-perfumy-z-feromonami-pherostrong-pheromone-perfect-for-women-50ml-5905669259873.html,1
Perfumy damskie z feromonami PheroStrong...,https://www.venus.net.pl/300953-perfumy-damskie-z-feromonami-pherostrong-hq-50ml-5905669259866.html,1
Damskie perfumy z feromonami PheroStrong...,https://www.venus.net.pl/300955-damskie-perfumy-z-feromonami-pherostrong-pheromone-only-for-women-50ml-5905669259897.html,1
Perfumy z feromonami dla kobiet...,https://www.venus.net.pl/245986-perfumy-z-feromonami-dla-kobiet-pherostrong-limited-edition-for-woman-50ml-5905669259460.html,1
Perfumy z feromonami dla mężczyzn...,https://www.venus.net.pl/293670-perfumy-z-feromonami-dla-mezczyzn-pherostrong-pheromone-popularity-for-men-50ml-5905669259989.html,1
Perfumy męskie z feromonami PheroStrong...,https://www.venus.net.pl/298897-perfumy-meskie-z-feromonami-pherostrong-pheromone-just-for-men-50ml-5905669259972.html,1
Męskie perfumy z feromonami PheroStrong...,https://www.venus.net.pl/298898-meskie-perfumy-z-feromonami-pherostrong-pheromone-beast-for-men-50-ml-5905669259996.html,1
Krem Ero Anal Backside 30 ml,https://www.venus.net.pl/92015-krem-ero-anal-backside-30-ml-4042342003086.html,1
Krem wybielający miejsca intymne Ero Anal...,https://www.venus.net.pl/171154-krem-wybielajacy-miejsca-intymne-anal-whitening-cream-75-ml-4042342003581.html,1
Krem zwężający odbyt Backside Anal...,https://www.venus.net.pl/189178-krem-sciesniajacy-odbyt-backside-anal-tightening-50-ml-4042342003604.html,1
Znieczulający krem do miłości analnej Anal...,https://www.venus.net.pl/235404-anal-ease-20ml-8714273301925.html,1
Tabletki stymulujące Ero Men Energy Caps 5...,https://www.venus.net.pl/84270-tabletki-stymulujace-ero-men-energy-caps-5-tab-4042342002454.html,1
Tabletki pobudzające Exxtreme Power Caps...,https://www.venus.net.pl/189850-exxtreme-power-caps-10-szt-4042342001709.html,1
Tabletki na zwiększenie ilości spermy Cum...,https://www.venus.net.pl/233506-cum-plus-east-8717344179935.html,1
Tabletki dla męźczyzn Man complete 60 kaps,https://www.venus.net.pl/273895-tabletki-dla-mezczyzn-man-complete-60-kaps-5907632923408.html,1
Kapsułki pobudzające dla kobiet Ero...,https://www.venus.net.pl/214983-ero-prorino-libido-caps-for-women-10er-4042342003253.html,1
Tabletki pobudzające dla kobiet Euforia...,https://www.venus.net.pl/232254-tabletki-pobudzajace-dla-kobiet-euforia-60szt-5902020143505.html,1
Suplement diety dla kobiet- LSTIM...,https://www.venus.net.pl/291001-suplement-diety-dla-kobiet-lstim-womanizer-80kaps-5903268071308.html,1
Tabletki wspomagające funkcje seksualne...,https://www.venus.net.pl/291665-pleasure-max-90-kaps-5903796650686.html,1
Krem powiększający penisa Maxi Penis 50ml,https://www.venus.net.pl/190753-krem-powiekszajacy-penisa-maxi-penis-50ml-3479228000821.html,1
Spray opóźniający wytrysk Pleasure...,https://www.venus.net.pl/272526-spray-opozniajacy-wytrysk-pleasure-prolonging-formula-10-ml-3700444604990.html,1
Miętówki do seksu oralnego Bijoux...,https://www.venus.net.pl/272258-oral-pleasure-mints-peppermint-8436562010249.html,2
Olejek do masażu Earthly Body Ananas 60ml,https://www.venus.net.pl/265228-pineapple-edible-massage-oil-2oz-60ml-814487024684.html,2
Chusteczki do higieny intymnej Labophyto 6...,https://www.venus.net.pl/294920-chusteczki-do-higieny-intymnej-labophyto-6-szt-8720168230935.html,2
Pielęgnacyjny krem łągodzący do okolic...,https://www.venus.net.pl/337449-pielegnacyjny-krem-lagodzacy-do-okolic-odbytu-100ml-4042342007275.html,2
Balsam stymulujący łechtaczkę Secret Play...,https://www.venus.net.pl/340287-balsam-stymulujacy-lechtaczke-secret-play-clit-pwr-strawberry-15-ml-8435097837154.html,2
Żel stymulujący punkt G 10ml,https://www.venus.net.pl/266164-zel-stymulujacy-yesforlov-g-spot-stimulating-gel-10g-3700444604921.html,2
Żel na bazie wody o neutralnym ph,https://www.venus.net.pl/233272-ph-neutral-touch-100m-8053629691236.html,2
Żel do masażu i lubrykant 100ml,https://www.venus.net.pl/211464-yesforlov-zel-nawilzajacy-allover-100ml-3700444604198.html,2
Silikonowy żel do masażu All-in-one...,https://www.venus.net.pl/291470-silikonowy-zel-do-masazu-all-in-one-sensual-massage-glide-120-ml-796494400234.html,2
Olejek do masażu w saszetkach Exsens...,https://www.venus.net.pl/339358-olejek-do-masazu-w-saszetkach-exsens-wanilia-3-ml-x-10-szt-3760139882133.html,2
Żel stymulujący dla kobiet Plaisirs...,https://www.venus.net.pl/219859-feu-daamour-stimulgel-30-ml-3479228260515.html,2
Lubrykant na bazie wody Intimate...,https://www.venus.net.pl/292731-lubrykant-na-bazie-wody-intimate-moisturising-50ml-3700444605102.html,2
Rozgrzewający olejek do masażu All in One...,https://www.venus.net.pl/16725-rozgrzewajacy-olejek-do-masazu-jo-all-in-one-warming-massage-glide-30-ml-796494101483.html,2
Truskawkowy żel do miłości oralnej JO Oral...,https://www.venus.net.pl/123069-truskawkowy-zel-do-milosci-oralnej-jo-oral-delight-strawberry-30-ml-796494404812.html,2
Krem do masturbacji Mediax For Men Hot...,https://www.venus.net.pl/269591-mediax-for-men-hot-masturbation-3479228004058.html,2
Zmysłowa świeca do masażu 120g,https://www.venus.net.pl/211445-yesforlov-swieca-do-masazu-zmyslowa-120g-3700444603511.html,2
Olejek do masażu 100ml,https://www.venus.net.pl/211472-yesforlov-olejek-do-masazu-zmyslowy-100ml-3700444604327.html,2
Silikonowy żel nawilżający Jo Premium Lube...,https://www.venus.net.pl/123194-zel-nawilzajacy-jo-premium-lube-30-ml-796494101278.html,2
Żel stymulujący dla kobiet 10g,https://www.venus.net.pl/211444-yesforlov-zel-stymulujacy-dla-kobiet-10g-3700444603078.html,2
Czarujący olejek do masażu Bewitching...,https://www.venus.net.pl/211476-yesforlov-olejek-do-masazu-czarujacy-100ml-3700444604334.html,2
Chusteczki opóźniające wytrysk Bull Power...,https://www.venus.net.pl/216823-chusteczki-opozniajace-wytrysk-bull-power-delay-wipes-8718546542473.html,2
Feromony Miyoshi Miyagi Next Allure & More...,https://www.venus.net.pl/212258-miyoshi-miyagi-next-allure-more-blank-for-women-30-ml-5907776180453.html,2
Czarująca świeca do masażu YESforLOV 120g,https://www.venus.net.pl/211475-yesforlov-swieca-do-masazu-czarujaca-120g-3700444604396.html,2
Oliwka do ciała Shunga Erotic Art Exotic...,https://www.venus.net.pl/25270-oliwka-do-ciala-shunga-erotic-art-exotic-green-tea-100ml-697309021005.html,2
Hiszpańska mucha 10ml,https://www.venus.net.pl/266173-spanish-fly-8714273491510.html,2
JO HYBRID LUBE 60 ML,https://www.venus.net.pl/123214-jo-hybrid-lube-60-ml-796494402016.html,2
Świeca do masażu Plaisirs Secrets Massage...,https://www.venus.net.pl/219862-massage-candle-white-tea-80-ml-3479228260393.html,2
Afrodyzjak zapachowy Scents To Fuck by......,https://www.venus.net.pl/331494-afrodyzjak-zapachowy-scents-to-fuck-by-naughty-nympho-20-ml-825156111086.html,2
Krem powiększający gabaryty członka...,https://www.venus.net.pl/1912-krem-powiekszajacy-gabaryty-czlonka-developpe-sex-50-ml-3479228001040.html,2
Żel do masturbacji Mediax For Men Natural...,https://www.venus.net.pl/269595-mediax-for-men-natural-masturbation-3479228004034.html,2
Zmysłowy Afrodyzjak Scents To Fuck By...,https://www.venus.net.pl/331495-zmyslowy-afrodyzjak-scents-to-fuck-by-botty-call-20-ml-825156111093.html,2
Krem nawilżający dla kobiet 120ml,https://www.venus.net.pl/256349-system-jo-renew-vaginal-moisturizer-original-hygiene-120ml-796494440735.html,2
Żel nawilżający dla kobiet Jo For Her...,https://www.venus.net.pl/180302-jo-for-her-agape-personal-lubricant-30ml-796494410417.html,2
Intymny koncentrat łagodzący i nawilżający...,https://www.venus.net.pl/298805-intymny-koncentrat-lagodzacy-i-nawilzajacy-yfl-cbd-concentrate-15ml-3700444605119.html,2
Eliksir rozkoszy dla par 30ml,https://www.venus.net.pl/211481-eliksir-rozkoszy-dla-par-yesforlov-30ml-3700444604600.html,2
Patyczki zapachowe Hey Stud!!! 20ml,https://www.venus.net.pl/331493-patyczki-zapachowe-hey-stud-20ml-825156111079.html,2
Żel nawilżający na bazie wody JO Hybrid...,https://www.venus.net.pl/123216-zel-nawilzajacy-jo-hybrid-lube-30ml-796494101780.html,2
Żel do masażu jadalny brzoskwiniowo-morelowy,https://www.venus.net.pl/258346-yesforlov-allover-lubricating-massage-gel-peach-apricot-50-ml-3700444604747.html,2
Perfumy z feromonami dla mężczyzn...,https://www.venus.net.pl/221404-magnetifico-allure-for-man-50-ml-8595630010106.html,2
Krople Spanish fly female pleasure...,https://www.venus.net.pl/266172-spanish-fly-8714273491411.html,2
Perfumy z feromony dla męźczyzn Pherluxe...,https://www.venus.net.pl/290894-perfumy-z-feromony-dla-mezczyzn-pherluxe-blue-for-men-33-ml-5903661803643.html,2
Pobudzający spray do łechtaczki...,https://www.venus.net.pl/33065-spray-do-lechtaczki-stimulating-clitoris-spray-50-ml-4042342002430.html,2
Feromony dla mężczyzn Pheromone Andro Vita...,https://www.venus.net.pl/203410-feromony-dla-mezczyzn-pheromone-andro-vita-men-parfum-30ml-4260006580258.html,2
Zestaw powiększający penisa...,https://www.venus.net.pl/90553-zestaw-powiekszajacy-penisa-tabletkikrem-penis-xl-duo-30-tab30-ml-8718546540356.html,2
Krem do rąk Vegan Hand Lotion Winter...,https://www.venus.net.pl/268710-vegan-hand-lotion-winter-cherry-100ml-4024144680306.html,2
Feromony Miyoshi Miyagi Instinct Femme 15ml,https://www.venus.net.pl/233371-feromony-miyoshi-miyagi-instinct-femme-15ml-5906453490045.html,2
Stymulujący żel dla kobiet Clit Stim 150ml,https://www.venus.net.pl/255550-clit-stim-150ml-5903268070851.html,2
Tabletki zwiększające wytrysk 70 szt.,https://www.venus.net.pl/307132-supldiety-lstim-pop-cumex-70kaps-5903268071919.html,2
Krem na potencję Intome Marathon Power 30 ml,https://www.venus.net.pl/265795-intome-marathon-power-cream-30-ml-8719934001015.html,2
Feromony męskie Pherostrong Limited...,https://www.venus.net.pl/247277-feromony-meskie-pherostrong-limited-edition-for-men-1ml-5905669259491.html,2
Lubrykant Teasers,https://www.venus.net.pl/238055-teasers-713079903003.html,2
Spray relaksujacy do seksu analnego Eros...,https://www.venus.net.pl/330493-spray-relaksujacy-do-seksu-analnego-eros-action-anal-relax-spray-with-panthenol-100ml-4035223777343.html,2
Rozgrzewający olejek do masażu o smaku...,https://www.venus.net.pl/213037-rozgrzewajacy-olejek-do-masazu-o-smaku-owocow-egzotycznych-shunga-intimate-kisses-exotic-fruits-697309022026.html,2
Krem erekcyjny Boo 50 ml,https://www.venus.net.pl/284029-boo-erect-cream-men-50ml-8719632670124.html,2
Stymulujący żel dla kobiet Clit Stim Pop...,https://www.venus.net.pl/255542-clit-stim-pop-150ml-5903268070950.html,2
Pobudzające tabletki dla kobiet Hot Pure...,https://www.venus.net.pl/291627-pobudzajace-tabletki-dla-kobiet-hot-pure-moringa-libido-power-60-szt-4042342006773.html,2
Zestaw olejków do masażu Exsens Gift Set...,https://www.venus.net.pl/308221-exsens-gift-set-let-s-celebrate-3-x-30ml-3760139882201.html,2
Krem stymulujący dla mężczyzn Pjur MAN...,https://www.venus.net.pl/271272-zel-pjur-man-xtend-cream-50-ml-0827160111663.html,2
Feromony dla kobiet Sexual Attraction...,https://www.venus.net.pl/205396-zmyslowe-feromony-sexual-attraction-woman-15ml-5907776180316.html,2
Środek zwiększający ilość i jakość spermy...,https://www.venus.net.pl/13988-srodek-zwiekszajacy-ilosc-i-jakosc-spermy-cum-explosion-men-30-szt-8717344179485.html,2
Środek pobudzający dla kobiet Ero Prorino...,https://www.venus.net.pl/96865-srodek-pobudzajacy-dla-kobiet-ero-prorino-libido-powder-concentrate-for-women-7szt-4042342003314.html,2
Feromony damskie Mariko Sakuri Rosso 50 ml,https://www.venus.net.pl/194998-ekskluzywne-i-seksowne-perfumy-mariko-sakuri-rosso-dla-niej-5903111016586.html,2
Żel potęgujący orgazm u mężczyzn Unimil...,https://www.venus.net.pl/331436-zel-potegujacy-orgazm-u-mezczyzn-unimil-excite-for-him-15ml-3532281466000.html,2
Feromony 3D Pheromone 25+,https://www.venus.net.pl/257837-3d-pheromone-25-30ml-5904906040045.html,2
Rozgrzewający olejek do masażu o smaku...,https://www.venus.net.pl/215098-rozgrzewajacy-olejek-do-masazu-o-smaku-zielonej-herbaty-shunga-intimate-kisses-midnight-sorbet-697309023115.html,2
Pobudzający żel do masażu Pjur Man Steel...,https://www.venus.net.pl/191147-pobudzajacy-zel-do-masazu-pjur-man-steel-gel-50-ml-827160111670.html,2
Stymulujący żel dla kobiet Viagel For...,https://www.venus.net.pl/13333-stymulujacy-zel-dla-kobiet-viagel-for-women-30ml-8717344171434.html,2
Świeca do masażu Swede Senze Herbal...,https://www.venus.net.pl/14085-swieca-do-masazu-swede-senze-herbal-aphrodisiac-blissful-150ml-7350028783212.html,2
Zapachowa sól do kąpieli Shunga Aphrodisia...,https://www.venus.net.pl/219949-zapachowa-sol-do-kapieli-shunga-aphrodisia-badesalz-75g-697309066006.html,2
Feromony męskie PHERO-MUSK GREY 50 ml,https://www.venus.net.pl/233839-feromony-meskie-phero-musk-grey-50-ml-5903111016456.html,2
Perfumy damskie Black Onyx DCLN 80 ml,https://www.venus.net.pl/289807-black-onyx-dcln-80-ml-4042342005462.html,2
Olejek do masażu Orgie Tantric Divine...,https://www.venus.net.pl/262775-tantric-divine-nectar-200-ml-5600298351232.html,2
Woda perfumowana damska z feromonami 3D...,https://www.venus.net.pl/272457-feromony-3d-pheromone-for-women-45-plus-5904906040526.html,3
Męskie perfumy z feromonami PheroStrong...,https://www.venus.net.pl/300954-meskie-perfumy-z-feromonami-pherostrong-pheromone-j-for-him-50ml-5905669259934.html,3
Feromony dla mężczyzn Eye Of Love...,https://www.venus.net.pl/203742-feromony-dla-mezczyzn-eye-of-love-confidence-10ml-818141011119.html,3
Krem wspomagający erekcję Penisex Salve...,https://www.venus.net.pl/8494-krem-wspomagajacy-erekcje-penisex-sable-fur-ihn-50ml-4028403145216.html,3
Perfumy z feromonami Pherostrong...,https://www.venus.net.pl/223444-pherostrongexclussive-for-men-5905669259347.html,3
Feromony na odzież Mix 30ml,https://www.venus.net.pl/307122-lsdi-feromony-na-odziez-mix-30ml-5903268070578.html,3
Krem pobudzający dla mężczyzn Ero Erection...,https://www.venus.net.pl/208262-krem-ero-spanish-fly-30-ml-4042342003093.html,3
Olejek do masażu S8 125ml,https://www.venus.net.pl/256759-s8-massage-oil-125ml-8713221820495.html,3
Krem do masturbacji dla niego Wicked Creme...,https://www.venus.net.pl/190751-krem-do-masturbacji-dla-niego-wicked-creme-masturbation-cream-for-men-120-ml-713079909043.html,3
Feromony dla kobiet 3D Pheromone Under 25...,https://www.venus.net.pl/286469-feromony-dla-kobiet-3d-pheromone-under-25-1-ml-5904906040113.html,3
Olejek do masażu Magoon Oriental Esctacy...,https://www.venus.net.pl/331774-olejek-do-masazu-magoon-oriental-esctacy-200ml-4024144243686.html,3
Feromony dla mężczyzn Tokyo Urban Man 30ml,https://www.venus.net.pl/13658-feromony-dla-mezczyzn-tokyo-urban-man-30ml-4042342002928.html,3
Feromony dla kobiet Smell Like 08 30 ml,https://www.venus.net.pl/261681-feromony-smell-like-08-30ml-women-5904906040236.html,3
Olejek do masażu Attraction Mojito Flavor...,https://www.venus.net.pl/301656-olejek-do-masazu-attraction-mojito-flavor-50ml-8435465323920.html,3
Kosmetyczny krem do piersi Perfect Breast...,https://www.venus.net.pl/232677-kosmetyczny-krem-do-piersi-perfect-breast-125-ml-3548960030240.html,3
Olejek do masażu Shunga Seduction Midnight...,https://www.venus.net.pl/270573-shunga-massage-al-seduction-midnight-flower-240ml-697309012195.html,3
Błyszczyk do seksu oralnego Lip Gloss...,https://www.venus.net.pl/272948-lip-gloss-vibrant-kiss-8435097836539.html,3
Perfumy z feromonami dla kobiet Taboo...,https://www.venus.net.pl/311911-perfumy-z-feromonami-dla-kobiet-taboo-frivole-for-her-50ml-3548960020814.html,3
Feromony dla mężczyzn Sexual Attraction...,https://www.venus.net.pl/216262-sexual-attraction-man-formula-15ml-20100777.html,3
Spray na opóźnienie wytrysku dla mężczyzn...,https://www.venus.net.pl/83162-marathon-spray-men-long-power-50-ml-4042342002423.html,3
Feromony dla kobiet Female Pheromones 14ml,https://www.venus.net.pl/251706-female-pheromones-8717344172868.html,3
Spray opóźniający wytrysk Dark Horse Delay...,https://www.venus.net.pl/236403-dark-horse-delay-spray-50ml-8714273950628.html,3
Feromony dla kobiet She Win 10ml,https://www.venus.net.pl/268939-feromony-she-win-10ml-roll-on-dz-5904906040076.html,3
Spray obkurczający pochwę Clit Stim Spray...,https://www.venus.net.pl/234695-clit-stim-spray-50ml-5903268070172.html,3
Żel powiększający piersi Bust Booster Gel,https://www.venus.net.pl/1839-zel-powiekszajacy-piersi-bust-booster-gel-8718546544002.html,3
Pianka do masażu Crackling Body Foam,https://www.venus.net.pl/236577-pianka-do-masazu-crackling-body-foam-8714273949738.html,3
Żel wzmacniający doznania Libido For Woman...,https://www.venus.net.pl/334487-medtime-libido-for-woman-150ml-5903268074385.html,3
Tabletki zwiększające libido Orgasm Glow...,https://www.venus.net.pl/298809-tabletki-zwiekszajace-libido-orgasm-glow-60-tab-8436562015329.html,3
Feromony Phero Musk 15ml.,https://www.venus.net.pl/293481-feromony-phero-musk-black-15ml-5904906044623.html,3
Kadzidełka z feromonami o zapachu...,https://www.venus.net.pl/284100-kadzidelka-z-feromonami-o-zapachu-czekolady-mai-pheromone-incense-chocolate-20-szt-8435465321506.html,3
Egzotyczny puder do ciała Shunga Body...,https://www.venus.net.pl/15895-egzotyczny-puder-do-ciala-shunga-body-exotic-fruit-225g-697309030021.html,3
Chłodzący lubrykant S8 Cooling WB Lube 50ml,https://www.venus.net.pl/244901-chlodzacy-lubrykant-s8-cooling-wb-lube-50ml-8713221819666.html,3
Świeca do masażu Taboo Plaisir Charnel 60 gr,https://www.venus.net.pl/231693-swieca-do-masazu-taboo-plaisir-charnel-60-gr-3548963125028.html,3
Tabletki na powiększenie penisa Penis Fit...,https://www.venus.net.pl/1934-tabletki-na-powiekszenie-penisa-penis-fit-60szt-8718546540271.html,3
Spray opóźniający wytrysk Centaur 30ml,https://www.venus.net.pl/262388-spray-opozniajacy-wytrysk-centaur-30ml-8718546548673.html,3
Rozgrzewający olejek do masażu o smaku...,https://www.venus.net.pl/213036-rozgrzewajacy-olejek-do-masazu-o-smaku-kawowym-shunga-intimate-kisses-creamy-latte-697309022149.html,3
Lubrykant na bazie wody rozgrzewający S8...,https://www.venus.net.pl/244900-lubrykant-na-bazie-wody-rozgrzewajacy-s8-warming-wb-lube-125ml-8713221819659.html,3
Spray wydłużający stosunek Extended Love...,https://www.venus.net.pl/264561-spray-wydluzajacy-stosunek-extended-love-eros-30ml-4035223570333.html,3
Żel na bazie wody Pjur Woman Aloe 30ml,https://www.venus.net.pl/240235-pjur-woman-aloe-waterbased-827160113223.html,3
Rozgrzewający olejek do masażu o zapachu...,https://www.venus.net.pl/308220-rozgrzewajacy-olejek-do-masazu-o-zapachu-brzoskwini-exsens-warming-massage-oil-white-peach-organic-50ml-3760139882782.html,3
Olejek do masażu z afrodyzjakami Seduction...,https://www.venus.net.pl/267437-olejek-do-masazu-z-afrodyzjakami-seduction-massage-oil-gozdziki-pomarancza-lawenda-150ml-7350028783311.html,3
Olejek do masażu Magoon Vanille 200 ml,https://www.venus.net.pl/331775-olejek-do-masazu-magoon-vanille-200-ml-4024144243723.html,3
Feromony męskie Phero Musk 15ml,https://www.venus.net.pl/293480-feromony-phero-musk-white-15ml-5904906044609.html,3
Olejek do masażu Nuei Hot Kokos 100ml,https://www.venus.net.pl/262313-hot-oil-coconut-100ml-8414606513444.html,3
Czekoladowy krem do masażu Shunga Massage...,https://www.venus.net.pl/143582-shunga-masage-cream-chocolat-enivrant-697309041096.html,3
Brzoskwiniowy olejek do masażu Easy Love...,https://www.venus.net.pl/17758-brzoskwiniowy-olejek-do-masazu-easy-love-massageoel-peche-100-ml-3534680001226.html,3
Olejek do masażu Massage Oil Extase Orange...,https://www.venus.net.pl/260549-massage-oil-extase-orange-sandalwood-4042342005301.html,3
Feromony dla kobiet 3D Pheromone 1ml,https://www.venus.net.pl/304064-feromony-dla-kobiet-3d-pheromone-1ml-5904906040496.html,3
KamaSutra żel do łechtaczki zwiększający...,https://www.venus.net.pl/190340-kamasutra-zel-do-lechtaczki-zwiekszajacy-przyjemnosc-intensify-plus-cooling-12-ml-739122002165.html,3
Drink na zwiększenie orgazmu Orgasm Power...,https://www.venus.net.pl/330063-drink-na-zwiekszenie-orgazmu-orgasm-power-for-women-drink-10ml-5904405351079.html,3
Żel ujędrniający i powiększający biust...,https://www.venus.net.pl/217192-zel-ujedrniajacy-i-powiekszajacy-biust-lovely-lovers-braup-gel-150ml-5901687650173.html,3
Błyszczyk do seksu oralnego Lip Gloss...,https://www.venus.net.pl/273002-blyszczyk-do-seksu-oralnego-lip-gloss-vibrant-kiss-popcorn-8435097836584.html,3
Łagodzący balsam Raw Dog - Ass & Cock...,https://www.venus.net.pl/237809-raw-dog-782421060022.html,3
Olejek do masażu Shunga Sensation Lavender...,https://www.venus.net.pl/270574-shunga-massage-al-sensation-lavender-240ml-697309012065.html,3
Krem na powiększenie penisa Penilarge...,https://www.venus.net.pl/234565-penilarge-cream-50-ml-000001700010.html,3
Żel potęgujący kobiece doznania 2Seduce...,https://www.venus.net.pl/13572-zel-potegujacy-kobiece-doznania-2seduce-intimate-sensual-cream-8718546544033.html,3
Błyszczyk do seksu oralnego Vibrant Kiss Cola,https://www.venus.net.pl/273001-blyszczyk-do-seksu-oralnego-vibrant-kiss-cola-8435097836577.html,3
Perfumy z feromonami Black Onyx Phenomenal...,https://www.venus.net.pl/290708-black-onyx-phenomenal-80-ml-4042342005622.html,3
Spray na erekcję V-Activ for men Penis...,https://www.venus.net.pl/17908-spray-na-erekcje-v-activ-for-men-penis-power-spray-50ml-4042342001334.html,3
Olejek do masażu- owoce tropikalne z...,https://www.venus.net.pl/289328-olejek-do-masazu-owoce-tropikalne-z-miodem-swede-tropical-fruits-with-honey-60-ml-7340040404592.html,3
Tabletki pobudzające Venicon For Women 4szt,https://www.venus.net.pl/1888-tabletki-pobudzajace-venicon-for-women-4szt-8718546540813.html,3
Aromatyczny olejek do masażu Dona mięta...,https://www.venus.net.pl/297576-aromatyczny-olejek-do-masazu-dona-mieta-pieprzowa-i-eukaliptus-120-ml-796494404546.html,3
Odświeżacz powietrza z feromonami Mai...,https://www.venus.net.pl/266820-mai-pheromone-air-freshener-vanilla-8435465321469.html,3
Żel nawilżający Glide Liquid Pleasure 100ml,https://www.venus.net.pl/7561-zel-nawilzajacy-glide-liquid-pleasure-100-ml-4042342000405.html,3
Farbka do malowania po ciele o smaku...,https://www.venus.net.pl/306243-farbka-do-malowania-po-ciele-o-smaku-karmelu-bijoux-indiscrets-50-ml-8436562010041.html,3
Krem wspomagający erekcję i powiększenie...,https://www.venus.net.pl/1885-krem-wspomagajacy-erekcje-xxl-creme-for-men-50-ml-4042342000368.html,3
Żel pobudzający dla kobiet Kiss Clitoris...,https://www.venus.net.pl/84302-zel-pobudzajacy-dla-kobiet-kiss-clitoris-gel-30-ml-8717344174268.html,3
Żel stymulujący dla niej Aphrodisia Orgasm...,https://www.venus.net.pl/259995-aphrodisia-orgasm-enhancer-for-her-8436562010515.html,3
Erotyczny zestaw do masażu całym ciałem...,https://www.venus.net.pl/25286-erotyczny-zestaw-do-masazu-calym-cialem-melon-mango-697309077026.html,3
Feromony dla mężczyzn FX24 For Men 50 ml,https://www.venus.net.pl/126273-feromony-dla-mezczyzn-fx24-for-men-50-ml-5903111016395.html,3
Żel na erekcję Power Bull 150 ml,https://www.venus.net.pl/241374-zel-na-erekcje-power-bull-150ml-5903268070455.html,3
Tabletki zwiększające libido Exxtreme...,https://www.venus.net.pl/32900-tabletki-zwiekszajace-libido-exxtreme-libido-caps-2szt-4042342002218.html,3
Perfumy z feromonami dla mężczyzn Phero...,https://www.venus.net.pl/255813-perfumy-z-feromonami-dla-mezczyzn-phero-musk-black-50ml-5904906040052.html,4
Krem liftingujący piersi i pośladki VOL +...,https://www.venus.net.pl/303815-vol-up-adifyline-2-breasts-and-buttocks-5600298351928.html,4
Feromony dla kobiet Phobium Vero 50 ml,https://www.venus.net.pl/212968-phobium-vero-50-ml-5903111016616.html,4
Żel opóźniający wytrysk CoolMann Delay Gel...,https://www.venus.net.pl/267469-coolmann-delay-gel-40ml-8718546549434.html,4
Spray dla mężczyzn wzmacniający erekcję...,https://www.venus.net.pl/33741-spray-dla-mezczyzn-wzmacniajacy-erekcje-active-power-spray-50-ml-4042342002447.html,4
Krem powiększający pośladki XXL Butt...,https://www.venus.net.pl/268238-hot-xxl-butt-booster-cream-4042342004601.html,4
Żel nawilżający Shunga Toko Organica 165 ml,https://www.venus.net.pl/17323-zel-nawilzajacy-shunga-toko-organica-165-ml-697309061001.html,4
Balsam z feromonami dla niego Sensfeel For...,https://www.venus.net.pl/297634-balsam-sensfeel-for-man-seduction-elixir-10in1-100ml-5600298351829.html,4
Krople zwiększające ilość spermy Volume...,https://www.venus.net.pl/84268-krople-zwiekszajace-ilosc-spermy-volume-sperma-30-ml-4042342002331.html,4
Spray opóźniający wytrysk Amor De:lay...,https://www.venus.net.pl/330461-spray-opozniajacy-wytrysk-amor-delay-forte-spray-20-ml-4019514650102.html,4
Olejek do masażu Nuei Hot Arbuz - 100ml,https://www.venus.net.pl/262317-hot-oil-watermelon-100ml-8414606513420.html,4
Olejek do masażu Bergamot Natural Pleasure...,https://www.venus.net.pl/333612-olejek-do-masazu-bergamot-natural-pleasure-50ml-8714273937445.html,4
Suplement diety dla mężczyzn LSTIM...,https://www.venus.net.pl/290999-suplement-diety-dla-mezczyzn-lstim-penistim-amino-90kapsulek-5903268072985.html,4
Spray znieczulający o smaku miętowym S8...,https://www.venus.net.pl/333495-spray-znieczulajacy-o-smaku-mietowym-s8-deep-throat-spray-30ml-8713221832078.html,4
Żel powiększający biust Perfect Bust Gel...,https://www.venus.net.pl/216239-zel-powiekszajacy-biust-perfect-bust-gel-150ml-20660086.html,4
Musująca pianka do masażu YESforLOV 150ml,https://www.venus.net.pl/336718-musujaca-pianka-do-masazu-yesforlov-150ml-3700444605201.html,4
Błyszczyk do seksu oralnego Lip Gloss...,https://www.venus.net.pl/272998-blyszczyk-do-seksu-oralnego-lip-gloss-vibrant-kiss-mint-8435097836546.html,4
Feromony męskie Winner No12 50ml,https://www.venus.net.pl/305675-feromony-meskie-winner-no12-50ml-5904906044883.html,4
Krople zwiększające pożądanie Spanish...,https://www.venus.net.pl/10580-krople-zwiekszajace-pozadanie-spanish-drops-extra-30ml-8718546540578.html,4
Żel intymny do masażu Durex Play Massage 2...,https://www.venus.net.pl/21361-zel-intymny-do-masazu-durex-play-massage-2-in-1-200ml-5038483957387.html,4
Żel chłodzący S8 Cooling WB Lube 125ml,https://www.venus.net.pl/244902-s8-cooling-wb-lube-125ml-8713221819673.html,4
Krople pobudzające dla mężczyzn Testos...,https://www.venus.net.pl/247736-testos-drops-15ml-8718546540783.html,4
Olejek do masażu Magoon Love fantasy 50 ml,https://www.venus.net.pl/332427-love-fantasy-massage-al-50-ml-4024144243730.html,4
Rozgrzewający olejek Light My Fire Wild...,https://www.venus.net.pl/211810-rozgrzewajacy-olejek-light-my-fire-wild-strawberry-warming-oil-8436562010454.html,4
Tabletki na potencję Potency Therapy 60 szt.,https://www.venus.net.pl/216240-tabletki-na-potencje-potency-therapy-60-szt-29990246.html,4
Eliksir z feromonami dla kobiet Orgie The...,https://www.venus.net.pl/219875-secret-seduction-elixir-200-ml-5600304021302.html,4
Farbka do malowania ciała Shunga Vanilla &...,https://www.venus.net.pl/13612-olejek-do-malowania-ciala-shunga-vanilla-chocolate-bodypaint-100ml-697309070010.html,4
Perfumy z feromonami dla mężczyzn Casanova...,https://www.venus.net.pl/7332-perfumy-z-feromonami-dla-mezczyzn-casanova-30-ml-4024144622245.html,4
Stymulujący błyszczyk do ust High On Love...,https://www.venus.net.pl/274327-couples-lip-gloss-7-ml-628250123593.html,4
Rozgrzewający żel na penisa X-I Can -...,https://www.venus.net.pl/119331-rozgrzewajacy-zel-na-penisa-x-i-can-penis-warming-gel-40-ml-3548960030455.html,4
Spray Na Erekcję Penistim Spray 50 ml,https://www.venus.net.pl/234639-penistim-spray-50-ml-5903268070318.html,4
Olejek do masażu Coconut Oil Vegan 150 ml,https://www.venus.net.pl/298429-olejek-do-masazu-coconut-oil-vegan-150-ml-5600692473936.html,4
Perfumy z feromonami dla kobiet Pearl...,https://www.venus.net.pl/132299-perfumy-z-feromonami-dla-kobiet-pearl-women-eau-de-parfum-14-ml-8718546545788.html,4
Olejek do masażu Dona Rev Up Mandarin &...,https://www.venus.net.pl/306397-olejek-do-masazu-dona-rev-up-mandarin-ylang-ylang-120-ml-796494404553.html,4
Shot wspomagający erekcję Hot Prorino...,https://www.venus.net.pl/219223-shot-wspomagajacy-erekcje-hot-prorino-potency-power-shot-60ml-4042342004380.html,4
Krople opóźniające wytrysk Marathon Men...,https://www.venus.net.pl/84265-krople-opozniajace-wytrysk-marathon-men-long-power-drops-30ml-4042342002300.html,4
Błyszczyk do ust Orgie Electric Fellatio...,https://www.venus.net.pl/219870-electric-fellation-10-ml-5600304021340.html,4
Żel poprawiający krążenie Bigger Gel 150,https://www.venus.net.pl/334489-zel-poprawiajacy-krazenie-bigger-gel-150-5903268074330.html,4
Krem stymulujący dla kobiet Orgaszm 30ml,https://www.venus.net.pl/233836-krem-stymulujacy-dla-kobiet-orgaszm-30ml-8713221216601.html,4
Żel intymny i do masażu Bijoux Indiscrets...,https://www.venus.net.pl/256828-zel-intymny-i-do-masazu-bijoux-indiscrets-bubblegum-100ml-8436562012878.html,4
Kadzidła Amoreane Golden Treasure,https://www.venus.net.pl/288966-kadzidla-amoreane-golden-treasure-8433345601496.html,4
Zestaw perfum z feromonami - dla niej i...,https://www.venus.net.pl/331542-zestaw-perfum-z-feromonami-dla-niej-i-dla-niego-matchmaker-pheromone-perfume-couples-kit-818141014189.html,4
Lubrykant na bazie silikonu Slix Prime...,https://www.venus.net.pl/247749-slix-prime-silicone-250ml-5060365097188.html,4
Krem na erekcję Penis Maximum Pflege 45 ml,https://www.venus.net.pl/8463-krem-pielegnacyjny-do-miejsc-intymnych-penis-maximum-pflege-4026666201007.html,4
Rozgrzewający żel do masażu Passion Fruit...,https://www.venus.net.pl/291400-passion-fruit-warming-massage-gel-30-ml-5600304015561.html,4
Rozgrzewający olejek do masażu Aperol...,https://www.venus.net.pl/262018-aperol-warming-massage-gel-5600304015509.html,4
Żel/sprej do stymulacji sutków Nipples...,https://www.venus.net.pl/304464-zelsprej-do-stymulacji-sutkow-nipples-teasing-zel-150ml-5903268074408.html,4
Tabletki na powiększenie penisa i erekcję...,https://www.venus.net.pl/245877-tabletki-na-powiekszenie-penisa-i-erekcje-lovestim-bigsize-65szt-5903268070516.html,4
Wodny Lubrykant z androsteronem dla...,https://www.venus.net.pl/236645-male-pheromone-lubricant-100-ml-8714273071644.html,4
Feromony bezzapachowe dla mężczyzn Taboo 15ml,https://www.venus.net.pl/291458-feromony-bezzapachowe-dla-mezczyzn-taboo-15ml-3548960000038.html,4
Olejek do masażu Eros Wellness Massage...,https://www.venus.net.pl/264569-eros-wellness-massage-oil-cocos-50ml-4035223770870.html,4
Pobudzające feromony damskie Deseo De...,https://www.venus.net.pl/331408-pobudzajace-feromony-damskie-deseo-de-belleza-5ml-5904906044975.html,4
Perfumy z feromonami Miyoshi Miyagi...,https://www.venus.net.pl/212251-miyoshi-miyagi-original-pure-for-women-50-ml-5907776180675.html,4
Feromony Genderqueer Mag'netik For...,https://www.venus.net.pl/305760-feromony-genderqueer-mag-netik-for-everyone-50ml-8414606513680.html,4
Perfumy z feromonami dla kobiet Andro Vita...,https://www.venus.net.pl/330581-perfumy-z-feromonami-dla-kobiet-andro-vita-30ml-4260006580289.html,4
Olejek do masażu Shunga Kissable Massage...,https://www.venus.net.pl/275363-olejek-do-masazu-shunga-kissable-massage-oil-240-ml-697309013208.html,4
Olejek do masażu Erotic Massage Oil...,https://www.venus.net.pl/337275-erotic-massage-oil-spanish-fly-200-ml-4024144243761.html,4
Olejek do masażu- różowy grejpfrut z mango...,https://www.venus.net.pl/289322-olejek-do-masazu-rozowy-grejpfrut-z-mango-swede-fruity-love-120-ml-7340040404387.html,4
Wibrator w żelu Secret Play 2ml,https://www.venus.net.pl/292254-wibrator-w-zelu-secret-play-2ml-8435097835952.html,4
Środek do kąpieli zamieniający wodę w...,https://www.venus.net.pl/32924-srodek-do-kapieli-zamieniajacy-wode-w-erotyczny-zel-shunga-lovebath-ocean-temptation-697309068000.html,4
Spray do seksu oralnego Deep Throat Spray...,https://www.venus.net.pl/291459-spray-do-seksu-oralnego-deep-throat-spray-12-ml-5600304015578.html,4
Żel wzmacniający erekcję oraz...,https://www.venus.net.pl/273027-zel-sprej-tytan-max-100ml-5903268070042.html,4
Tabletki powiększające i ujędrniające...,https://www.venus.net.pl/216238-tabletki-powiekszajace-i-ujedrniajace-biust-perfect-bust-90-szt-20660076.html,4
Odświeżający spray do sexu oralnego Blow...,https://www.venus.net.pl/215486-odswiezajacy-spray-do-sexu-oralnego-blow-job-mouth-spray-25ml-5022782444013.html,4
Spray opóźniający wytrysk Delay Gel 50 ml,https://www.venus.net.pl/262641-delay-gel-50-ml-8714273531728.html,4
Tabletki na erekcję Venicon for Men 4szt.,https://www.venus.net.pl/13436-tabletki-na-erekcje-venicon-for-men-4szt-8718546543845.html,4
Spray relaksujący S8 Ease Anal Relax Spray...,https://www.venus.net.pl/333494-spray-relaksujacy-s8-ease-anal-relax-spray-30ml-8713221832061.html,4
Niesamowicie mocne i pobudzające krople...,https://www.venus.net.pl/13560-niesamowicie-mocne-i-pobudzajace-krople-blue-drops-50ml-8717344179621.html,4
Rozgrzewający olejek do masażu o smaku...,https://www.venus.net.pl/261290-rozgrzewajacy-olejek-do-masazu-o-smaku-truskawki-i-rabarbaru-vince-michael-s-50ml-7350028785308.html,4
Tabletki pobudzające Exxtreme Power Caps 5...,https://www.venus.net.pl/17906-tabletki-hot-exxtreme-power-caps-5-szt-4042342001693.html,4
Krem na przebarwienia Me You Us Light...,https://www.venus.net.pl/306846-me-you-us-light-lightening-cream-50ml-8720168232045.html,4
Olejek do masażu i żel nawilżający o...,https://www.venus.net.pl/307901-gel-2in1-raspberry-scent-200ml-4042342005004.html,4
